group_generation,code,Wege,activity,group_dest_mode,group_erzeugung,rate
OSePM,WAW,0.11430533848252915,N,OSeP,OS,0.057152669241264574
OSePW,WAW,0.11430533848252915,N,OSeP,OS,0.057152669241264574
OShPM,WAW,0.11430533848252915,N,OShP,OS,0.057152669241264574
OShPW,WAW,0.11430533848252915,N,OShP,OS,0.057152669241264574
OSoPM,WAW,0.11430533848252915,N,OSoP,OS,0.057152669241264574
OSoPW,WAW,0.11430533848252915,N,OSoP,OS,0.057152669241264574
OSePM,WBW,0.24134972296126,N,OSeP,OS,0.12067486148063
OSePW,WBW,0.24134972296126,N,OSeP,OS,0.12067486148063
OShPM,WBW,0.24134972296126,N,OShP,OS,0.12067486148063
OShPW,WBW,0.24134972296126,N,OShP,OS,0.12067486148063
OSoPM,WBW,0.24134972296126,N,OSoP,OS,0.12067486148063
OSoPW,WBW,0.24134972296126,N,OSoP,OS,0.12067486148063
OSePM,WEW,0.07407165796710419,N,OSeP,OS,0.037035828983552094
OSePW,WEW,0.07407165796710419,N,OSeP,OS,0.037035828983552094
OShPM,WEW,0.07407165796710419,N,OShP,OS,0.037035828983552094
OShPW,WEW,0.07407165796710419,N,OShP,OS,0.037035828983552094
OSoPM,WEW,0.07407165796710419,N,OSoP,OS,0.037035828983552094
OSoPW,WEW,0.07407165796710419,N,OSoP,OS,0.037035828983552094
OSePM,WFW,0.14910960610679394,N,OSeP,OS,0.07455480305339697
OSePW,WFW,0.14910960610679394,N,OSeP,OS,0.07455480305339697
OShPM,WFW,0.14910960610679394,N,OShP,OS,0.07455480305339697
OShPW,WFW,0.14910960610679394,N,OShP,OS,0.07455480305339697
OSoPM,WFW,0.14910960610679394,N,OSoP,OS,0.07455480305339697
OSoPW,WFW,0.14910960610679394,N,OSoP,OS,0.07455480305339697
OSePM,WMW,0.8245532554437047,N,OSeP,OS,0.4122766277218524
OSePW,WMW,0.8245532554437047,N,OSeP,OS,0.4122766277218524
OShPM,WMW,0.8245532554437047,N,OShP,OS,0.4122766277218524
OShPW,WMW,0.8245532554437047,N,OShP,OS,0.4122766277218524
OSoPM,WMW,0.8245532554437047,N,OSoP,OS,0.4122766277218524
OSoPW,WMW,0.8245532554437047,N,OSoP,OS,0.4122766277218524
OSePM,WOW,0.09919704503529857,N,OSeP,OS,0.049598522517649284
OSePW,WOW,0.09919704503529857,N,OSeP,OS,0.049598522517649284
OShPM,WOW,0.09919704503529857,N,OShP,OS,0.049598522517649284
OShPW,WOW,0.09919704503529857,N,OShP,OS,0.049598522517649284
OSoPM,WOW,0.09919704503529857,N,OSoP,OS,0.049598522517649284
OSoPW,WOW,0.09919704503529857,N,OSoP,OS,0.049598522517649284
OSePM,WRW,0.02532887562211529,N,OSeP,OS,0.012664437811057644
OSePW,WRW,0.02532887562211529,N,OSeP,OS,0.012664437811057644
OShPM,WRW,0.02532887562211529,N,OShP,OS,0.012664437811057644
OShPW,WRW,0.02532887562211529,N,OShP,OS,0.012664437811057644
OSoPM,WRW,0.02532887562211529,N,OSoP,OS,0.012664437811057644
OSoPW,WRW,0.02532887562211529,N,OSoP,OS,0.012664437811057644
OSePM,WSW,0.3543471046139328,N,OSeP,OS,0.1771735523069664
OSePW,WSW,0.3543471046139328,N,OSeP,OS,0.1771735523069664
OShPM,WSW,0.3543471046139328,N,OShP,OS,0.1771735523069664
OShPW,WSW,0.3543471046139328,N,OShP,OS,0.1771735523069664
OSoPM,WSW,0.3543471046139328,N,OSoP,OS,0.1771735523069664
OSoPW,WSW,0.3543471046139328,N,OSoP,OS,0.1771735523069664
OSePM,WTW,0.02480620707025654,N,OSeP,OS,0.01240310353512827
OSePW,WTW,0.02480620707025654,N,OSeP,OS,0.01240310353512827
OShPM,WTW,0.02480620707025654,N,OShP,OS,0.01240310353512827
OShPW,WTW,0.02480620707025654,N,OShP,OS,0.01240310353512827
OSoPM,WTW,0.02480620707025654,N,OSoP,OS,0.01240310353512827
OSoPW,WTW,0.02480620707025654,N,OSoP,OS,0.01240310353512827
OSePM,WVW,0.05069236242079545,N,OSeP,OS,0.02534618121039772
OSePW,WVW,0.05069236242079545,N,OSeP,OS,0.02534618121039772
OShPM,WVW,0.05069236242079545,N,OShP,OS,0.02534618121039772
OShPW,WVW,0.05069236242079545,N,OShP,OS,0.02534618121039772
OSoPM,WVW,0.05069236242079545,N,OSoP,OS,0.02534618121039772
OSoPW,WVW,0.05069236242079545,N,OSoP,OS,0.02534618121039772
OSePM,WZW,0.17304819436337998,N,OSeP,OS,0.08652409718168999
OSePW,WZW,0.17304819436337998,N,OSeP,OS,0.08652409718168999
OShPM,WZW,0.17304819436337998,N,OShP,OS,0.08652409718168999
OShPW,WZW,0.17304819436337998,N,OShP,OS,0.08652409718168999
OSoPM,WZW,0.17304819436337998,N,OSoP,OS,0.08652409718168999
OSoPW,WZW,0.17304819436337998,N,OSoP,OS,0.08652409718168999
OSePM,WMBW,0.3009179631418958,N,OSeP,OS,0.10030598771396526
OSePW,WMBW,0.3009179631418958,N,OSeP,OS,0.10030598771396526
OShPM,WMBW,0.3009179631418958,N,OShP,OS,0.10030598771396526
OShPW,WMBW,0.3009179631418958,N,OShP,OS,0.10030598771396526
OSoPM,WMBW,0.3009179631418958,N,OSoP,OS,0.10030598771396526
OSoPW,WMBW,0.3009179631418958,N,OSoP,OS,0.10030598771396526
OSePM,WMMW,0.2094834400297601,N,OSeP,OS,0.06982781334325337
OSePW,WMMW,0.2094834400297601,N,OSeP,OS,0.06982781334325337
OShPM,WMMW,0.2094834400297601,N,OShP,OS,0.06982781334325337
OShPW,WMMW,0.2094834400297601,N,OShP,OS,0.06982781334325337
OSoPM,WMMW,0.2094834400297601,N,OSoP,OS,0.06982781334325337
OSoPW,WMMW,0.2094834400297601,N,OSoP,OS,0.06982781334325337
OSePM,WMOW,0.0939826951567912,N,OSeP,OS,0.03132756505226373
OSePW,WMOW,0.0939826951567912,N,OSeP,OS,0.03132756505226373
OShPM,WMOW,0.0939826951567912,N,OShP,OS,0.03132756505226373
OShPW,WMOW,0.0939826951567912,N,OShP,OS,0.03132756505226373
OSoPM,WMOW,0.0939826951567912,N,OSoP,OS,0.03132756505226373
OSoPW,WMOW,0.0939826951567912,N,OSoP,OS,0.03132756505226373
OSePM,WMVW,0.12073624231040116,N,OSeP,OS,0.040245414103467055
OSePW,WMVW,0.12073624231040116,N,OSeP,OS,0.040245414103467055
OShPM,WMVW,0.12073624231040116,N,OShP,OS,0.040245414103467055
OShPW,WMVW,0.12073624231040116,N,OShP,OS,0.040245414103467055
OSoPM,WMVW,0.12073624231040116,N,OSoP,OS,0.040245414103467055
OSoPW,WMVW,0.12073624231040116,N,OSoP,OS,0.040245414103467055
OSePM,WMEW,0.14864129792701994,N,OSeP,OS,0.04954709930900665
OSePW,WMEW,0.14864129792701994,N,OSeP,OS,0.04954709930900665
OShPM,WMEW,0.14864129792701994,N,OShP,OS,0.04954709930900665
OShPW,WMEW,0.14864129792701994,N,OShP,OS,0.04954709930900665
OSoPM,WMEW,0.14864129792701994,N,OSoP,OS,0.04954709930900665
OSoPW,WMEW,0.14864129792701994,N,OSoP,OS,0.04954709930900665
OSePM,WMSW,0.16477437898489744,N,OSeP,OS,0.05492479299496581
OSePW,WMSW,0.16477437898489744,N,OSeP,OS,0.05492479299496581
OShPM,WMSW,0.16477437898489744,N,OShP,OS,0.05492479299496581
OShPW,WMSW,0.16477437898489744,N,OShP,OS,0.05492479299496581
OSoPM,WMSW,0.16477437898489744,N,OSoP,OS,0.05492479299496581
OSoPW,WMSW,0.16477437898489744,N,OSoP,OS,0.05492479299496581
OSePM,WOMW,0.05332560446200377,N,OSeP,OS,0.01777520148733459
OSePW,WOMW,0.05332560446200377,N,OSeP,OS,0.01777520148733459
OShPM,WOMW,0.05332560446200377,N,OShP,OS,0.01777520148733459
OShPW,WOMW,0.05332560446200377,N,OShP,OS,0.01777520148733459
OSoPM,WOMW,0.05332560446200377,N,OSoP,OS,0.01777520148733459
OSoPW,WOMW,0.05332560446200377,N,OSoP,OS,0.01777520148733459
OSePM,WVMW,0.04420397942511956,N,OSeP,OS,0.014734659808373185
OSePW,WVMW,0.04420397942511956,N,OSeP,OS,0.014734659808373185
OShPM,WVMW,0.04420397942511956,N,OShP,OS,0.014734659808373185
OShPW,WVMW,0.04420397942511956,N,OShP,OS,0.014734659808373185
OSoPM,WVMW,0.04420397942511956,N,OSoP,OS,0.014734659808373185
OSoPW,WVMW,0.04420397942511956,N,OSoP,OS,0.014734659808373185
AZePM,WAW,0.5274749581356708,N,AZeP,AZ,0.2637374790678354
AZePW,WAW,0.5274749581356708,N,AZeP,AZ,0.2637374790678354
AZhPM,WAW,0.5274749581356708,N,AZhP,AZ,0.2637374790678354
AZhPW,WAW,0.5274749581356708,N,AZhP,AZ,0.2637374790678354
AZoPM,WAW,0.5274749581356708,N,AZoP,AZ,0.2637374790678354
AZoPW,WAW,0.5274749581356708,N,AZoP,AZ,0.2637374790678354
AZePM,WBW,0.09624204929294047,N,AZeP,AZ,0.04812102464647024
AZePW,WBW,0.09624204929294047,N,AZeP,AZ,0.04812102464647024
AZhPM,WBW,0.09624204929294047,N,AZhP,AZ,0.04812102464647024
AZhPW,WBW,0.09624204929294047,N,AZhP,AZ,0.04812102464647024
AZoPM,WBW,0.09624204929294047,N,AZoP,AZ,0.04812102464647024
AZoPW,WBW,0.09624204929294047,N,AZoP,AZ,0.04812102464647024
AZePM,WEW,0.08271829071087286,N,AZeP,AZ,0.04135914535543643
AZePW,WEW,0.08271829071087286,N,AZeP,AZ,0.04135914535543643
AZhPM,WEW,0.08271829071087286,N,AZhP,AZ,0.04135914535543643
AZhPW,WEW,0.08271829071087286,N,AZhP,AZ,0.04135914535543643
AZoPM,WEW,0.08271829071087286,N,AZoP,AZ,0.04135914535543643
AZoPW,WEW,0.08271829071087286,N,AZoP,AZ,0.04135914535543643
AZePM,WFW,0.05613501831088793,N,AZeP,AZ,0.028067509155443964
AZePW,WFW,0.05613501831088793,N,AZeP,AZ,0.028067509155443964
AZhPM,WFW,0.05613501831088793,N,AZhP,AZ,0.028067509155443964
AZhPW,WFW,0.05613501831088793,N,AZhP,AZ,0.028067509155443964
AZoPM,WFW,0.05613501831088793,N,AZoP,AZ,0.028067509155443964
AZoPW,WFW,0.05613501831088793,N,AZoP,AZ,0.028067509155443964
AZePM,WOW,0.061660120544859635,N,AZeP,AZ,0.030830060272429818
AZePW,WOW,0.061660120544859635,N,AZeP,AZ,0.030830060272429818
AZhPM,WOW,0.061660120544859635,N,AZhP,AZ,0.030830060272429818
AZhPW,WOW,0.061660120544859635,N,AZhP,AZ,0.030830060272429818
AZoPM,WOW,0.061660120544859635,N,AZoP,AZ,0.030830060272429818
AZoPW,WOW,0.061660120544859635,N,AZoP,AZ,0.030830060272429818
AZePM,WSW,0.1011928466018966,N,AZeP,AZ,0.0505964233009483
AZePW,WSW,0.1011928466018966,N,AZeP,AZ,0.0505964233009483
AZhPM,WSW,0.1011928466018966,N,AZhP,AZ,0.0505964233009483
AZhPW,WSW,0.1011928466018966,N,AZhP,AZ,0.0505964233009483
AZoPM,WSW,0.1011928466018966,N,AZoP,AZ,0.0505964233009483
AZoPW,WSW,0.1011928466018966,N,AZoP,AZ,0.0505964233009483
AZePM,WVW,0.05827927670847555,N,AZeP,AZ,0.029139638354237773
AZePW,WVW,0.05827927670847555,N,AZeP,AZ,0.029139638354237773
AZhPM,WVW,0.05827927670847555,N,AZhP,AZ,0.029139638354237773
AZhPW,WVW,0.05827927670847555,N,AZhP,AZ,0.029139638354237773
AZoPM,WVW,0.05827927670847555,N,AZoP,AZ,0.029139638354237773
AZoPW,WVW,0.05827927670847555,N,AZoP,AZ,0.029139638354237773
AZePM,WZW,0.19245631300988505,N,AZeP,AZ,0.09622815650494253
AZePW,WZW,0.19245631300988505,N,AZeP,AZ,0.09622815650494253
AZhPM,WZW,0.19245631300988505,N,AZhP,AZ,0.09622815650494253
AZhPW,WZW,0.19245631300988505,N,AZhP,AZ,0.09622815650494253
AZoPM,WZW,0.19245631300988505,N,AZoP,AZ,0.09622815650494253
AZoPW,WZW,0.19245631300988505,N,AZoP,AZ,0.09622815650494253
AZePM,WAAW,0.1824707194035312,N,AZeP,AZ,0.060823573134510374
AZePW,WAAW,0.1824707194035312,N,AZeP,AZ,0.060823573134510374
AZhPM,WAAW,0.1824707194035312,N,AZhP,AZ,0.060823573134510374
AZhPW,WAAW,0.1824707194035312,N,AZhP,AZ,0.060823573134510374
AZoPM,WAAW,0.1824707194035312,N,AZoP,AZ,0.060823573134510374
AZoPW,WAAW,0.1824707194035312,N,AZoP,AZ,0.060823573134510374
AZePM,WABW,0.1504157766831481,N,AZeP,AZ,0.050138592227716036
AZePW,WABW,0.1504157766831481,N,AZeP,AZ,0.050138592227716036
AZhPM,WABW,0.1504157766831481,N,AZhP,AZ,0.050138592227716036
AZhPW,WABW,0.1504157766831481,N,AZhP,AZ,0.050138592227716036
AZoPM,WABW,0.1504157766831481,N,AZoP,AZ,0.050138592227716036
AZoPW,WABW,0.1504157766831481,N,AZoP,AZ,0.050138592227716036
AZePM,WAOW,0.08078217544652767,N,AZeP,AZ,0.026927391815509225
AZePW,WAOW,0.08078217544652767,N,AZeP,AZ,0.026927391815509225
AZhPM,WAOW,0.08078217544652767,N,AZhP,AZ,0.026927391815509225
AZhPW,WAOW,0.08078217544652767,N,AZhP,AZ,0.026927391815509225
AZoPM,WAOW,0.08078217544652767,N,AZoP,AZ,0.026927391815509225
AZoPW,WAOW,0.08078217544652767,N,AZoP,AZ,0.026927391815509225
AZePM,WARW,0.08671572593996582,N,AZeP,AZ,0.028905241979988613
AZePW,WARW,0.08671572593996582,N,AZeP,AZ,0.028905241979988613
AZhPM,WARW,0.08671572593996582,N,AZhP,AZ,0.028905241979988613
AZhPW,WARW,0.08671572593996582,N,AZhP,AZ,0.028905241979988613
AZoPM,WARW,0.08671572593996582,N,AZoP,AZ,0.028905241979988613
AZoPW,WARW,0.08671572593996582,N,AZoP,AZ,0.028905241979988613
AZePM,WAVW,0.17982342834217324,N,AZeP,AZ,0.059941142780724425
AZePW,WAVW,0.17982342834217324,N,AZeP,AZ,0.059941142780724425
AZhPM,WAVW,0.17982342834217324,N,AZhP,AZ,0.059941142780724425
AZhPW,WAVW,0.17982342834217324,N,AZhP,AZ,0.059941142780724425
AZoPM,WAVW,0.17982342834217324,N,AZoP,AZ,0.059941142780724425
AZoPW,WAVW,0.17982342834217324,N,AZoP,AZ,0.059941142780724425
AZePM,WSBW,0.13889507531965214,N,AZeP,AZ,0.046298358439884064
AZePW,WSBW,0.13889507531965214,N,AZeP,AZ,0.046298358439884064
AZhPM,WSBW,0.13889507531965214,N,AZhP,AZ,0.046298358439884064
AZhPW,WSBW,0.13889507531965214,N,AZhP,AZ,0.046298358439884064
AZoPM,WSBW,0.13889507531965214,N,AZoP,AZ,0.046298358439884064
AZoPW,WSBW,0.13889507531965214,N,AZoP,AZ,0.046298358439884064
AZePM,WZBW,0.15658746825416175,N,AZeP,AZ,0.05219582275138725
AZePW,WZBW,0.15658746825416175,N,AZeP,AZ,0.05219582275138725
AZhPM,WZBW,0.15658746825416175,N,AZhP,AZ,0.05219582275138725
AZhPW,WZBW,0.15658746825416175,N,AZhP,AZ,0.05219582275138725
AZoPM,WZBW,0.15658746825416175,N,AZoP,AZ,0.05219582275138725
AZoPW,WZBW,0.15658746825416175,N,AZoP,AZ,0.05219582275138725
AZePM,WZOW,0.14170043542657046,N,AZeP,AZ,0.047233478475523484
AZePW,WZOW,0.14170043542657046,N,AZeP,AZ,0.047233478475523484
AZhPM,WZOW,0.14170043542657046,N,AZhP,AZ,0.047233478475523484
AZhPW,WZOW,0.14170043542657046,N,AZhP,AZ,0.047233478475523484
AZoPM,WZOW,0.14170043542657046,N,AZoP,AZ,0.047233478475523484
AZoPW,WZOW,0.14170043542657046,N,AZoP,AZ,0.047233478475523484
AZePM,WZZW,0.07112705441345067,N,AZeP,AZ,0.02370901813781689
AZePW,WZZW,0.07112705441345067,N,AZeP,AZ,0.02370901813781689
AZhPM,WZZW,0.07112705441345067,N,AZhP,AZ,0.02370901813781689
AZhPW,WZZW,0.07112705441345067,N,AZhP,AZ,0.02370901813781689
AZoPM,WZZW,0.07112705441345067,N,AZoP,AZ,0.02370901813781689
AZoPW,WZZW,0.07112705441345067,N,AZoP,AZ,0.02370901813781689
AZePM,WBAW,0.05619930117831908,N,AZeP,AZ,0.018733100392773025
AZePW,WBAW,0.05619930117831908,N,AZeP,AZ,0.018733100392773025
AZhPM,WBAW,0.05619930117831908,N,AZhP,AZ,0.018733100392773025
AZhPW,WBAW,0.05619930117831908,N,AZhP,AZ,0.018733100392773025
AZoPM,WBAW,0.05619930117831908,N,AZoP,AZ,0.018733100392773025
AZoPW,WBAW,0.05619930117831908,N,AZoP,AZ,0.018733100392773025
AZePM,WOAW,0.050999513699520736,N,AZeP,AZ,0.016999837899840248
AZePW,WOAW,0.050999513699520736,N,AZeP,AZ,0.016999837899840248
AZhPM,WOAW,0.050999513699520736,N,AZhP,AZ,0.016999837899840248
AZhPW,WOAW,0.050999513699520736,N,AZhP,AZ,0.016999837899840248
AZoPM,WOAW,0.050999513699520736,N,AZoP,AZ,0.016999837899840248
AZoPW,WOAW,0.050999513699520736,N,AZoP,AZ,0.016999837899840248
AZePM,WRAW,0.07567327394761063,N,AZeP,AZ,0.025224424649203544
AZePW,WRAW,0.07567327394761063,N,AZeP,AZ,0.025224424649203544
AZhPM,WRAW,0.07567327394761063,N,AZhP,AZ,0.025224424649203544
AZhPW,WRAW,0.07567327394761063,N,AZhP,AZ,0.025224424649203544
AZoPM,WRAW,0.07567327394761063,N,AZoP,AZ,0.025224424649203544
AZoPW,WRAW,0.07567327394761063,N,AZoP,AZ,0.025224424649203544
AZePM,WVAW,0.0618747280317155,N,AZeP,AZ,0.02062490934390516
AZePW,WVAW,0.0618747280317155,N,AZeP,AZ,0.02062490934390516
AZhPM,WVAW,0.0618747280317155,N,AZhP,AZ,0.02062490934390516
AZhPW,WVAW,0.0618747280317155,N,AZhP,AZ,0.02062490934390516
AZoPM,WVAW,0.0618747280317155,N,AZoP,AZ,0.02062490934390516
AZoPW,WVAW,0.0618747280317155,N,AZoP,AZ,0.02062490934390516
AZePM,WOZW,0.047233478475523484,N,AZeP,AZ,0.015744492825174494
AZePW,WOZW,0.047233478475523484,N,AZeP,AZ,0.015744492825174494
AZhPM,WOZW,0.047233478475523484,N,AZhP,AZ,0.015744492825174494
AZhPW,WOZW,0.047233478475523484,N,AZhP,AZ,0.015744492825174494
AZoPM,WOZW,0.047233478475523484,N,AZoP,AZ,0.015744492825174494
AZoPW,WOZW,0.047233478475523484,N,AZoP,AZ,0.015744492825174494
STePM,WAW,0.3056628491380639,N,STeP,ST,0.15283142456903195
STePW,WAW,0.3056628491380639,N,STeP,ST,0.15283142456903195
SThPM,WAW,0.3056628491380639,N,SThP,ST,0.15283142456903195
SThPW,WAW,0.3056628491380639,N,SThP,ST,0.15283142456903195
SToPM,WAW,0.3056628491380639,N,SToP,ST,0.15283142456903195
SToPW,WAW,0.3056628491380639,N,SToP,ST,0.15283142456903195
STePM,WBW,0.19466022608875305,N,STeP,ST,0.09733011304437653
STePW,WBW,0.19466022608875305,N,STeP,ST,0.09733011304437653
SThPM,WBW,0.19466022608875305,N,SThP,ST,0.09733011304437653
SThPW,WBW,0.19466022608875305,N,SThP,ST,0.09733011304437653
SToPM,WBW,0.19466022608875305,N,SToP,ST,0.09733011304437653
SToPW,WBW,0.19466022608875305,N,SToP,ST,0.09733011304437653
STePM,WEW,0.10564807132739153,N,STeP,ST,0.05282403566369576
STePW,WEW,0.10564807132739153,N,STeP,ST,0.05282403566369576
SThPM,WEW,0.10564807132739153,N,SThP,ST,0.05282403566369576
SThPW,WEW,0.10564807132739153,N,SThP,ST,0.05282403566369576
SToPM,WEW,0.10564807132739153,N,SToP,ST,0.05282403566369576
SToPW,WEW,0.10564807132739153,N,SToP,ST,0.05282403566369576
STePM,WFW,0.13862016596247248,N,STeP,ST,0.06931008298123624
STePW,WFW,0.13862016596247248,N,STeP,ST,0.06931008298123624
SThPM,WFW,0.13862016596247248,N,SThP,ST,0.06931008298123624
SThPW,WFW,0.13862016596247248,N,SThP,ST,0.06931008298123624
SToPM,WFW,0.13862016596247248,N,SToP,ST,0.06931008298123624
SToPW,WFW,0.13862016596247248,N,SToP,ST,0.06931008298123624
STePM,WOW,0.20710056332617036,N,STeP,ST,0.10355028166308516
STePW,WOW,0.20710056332617036,N,STeP,ST,0.10355028166308516
SThPM,WOW,0.20710056332617036,N,SThP,ST,0.10355028166308516
SThPW,WOW,0.20710056332617036,N,SThP,ST,0.10355028166308516
SToPM,WOW,0.20710056332617036,N,SToP,ST,0.10355028166308516
SToPW,WOW,0.20710056332617036,N,SToP,ST,0.10355028166308516
STePM,WRW,0.05432137978799724,N,STeP,ST,0.02716068989399862
STePW,WRW,0.05432137978799724,N,STeP,ST,0.02716068989399862
SThPM,WRW,0.05432137978799724,N,SThP,ST,0.02716068989399862
SThPW,WRW,0.05432137978799724,N,SThP,ST,0.02716068989399862
SToPM,WRW,0.05432137978799724,N,SToP,ST,0.02716068989399862
SToPW,WRW,0.05432137978799724,N,SToP,ST,0.02716068989399862
STePM,WSW,0.07858648920247496,N,STeP,ST,0.03929324460123748
STePW,WSW,0.07858648920247496,N,STeP,ST,0.03929324460123748
SThPM,WSW,0.07858648920247496,N,SThP,ST,0.03929324460123748
SThPW,WSW,0.07858648920247496,N,SThP,ST,0.03929324460123748
SToPM,WSW,0.07858648920247496,N,SToP,ST,0.03929324460123748
SToPW,WSW,0.07858648920247496,N,SToP,ST,0.03929324460123748
STePM,WTW,0.02753914190786436,N,STeP,ST,0.01376957095393218
STePW,WTW,0.02753914190786436,N,STeP,ST,0.01376957095393218
SThPM,WTW,0.02753914190786436,N,SThP,ST,0.01376957095393218
SThPW,WTW,0.02753914190786436,N,SThP,ST,0.01376957095393218
SToPM,WTW,0.02753914190786436,N,SToP,ST,0.01376957095393218
SToPW,WTW,0.02753914190786436,N,SToP,ST,0.01376957095393218
STePM,WUW,0.4330842245204437,N,STeP,ST,0.21654211226022185
STePW,WUW,0.4330842245204437,N,STeP,ST,0.21654211226022185
SThPM,WUW,0.4330842245204437,N,SThP,ST,0.21654211226022185
SThPW,WUW,0.4330842245204437,N,SThP,ST,0.21654211226022185
SToPM,WUW,0.4330842245204437,N,SToP,ST,0.21654211226022185
SToPW,WUW,0.4330842245204437,N,SToP,ST,0.21654211226022185
STePM,WAAW,0.08159857058121406,N,STeP,ST,0.02719952352707135
STePW,WAAW,0.08159857058121406,N,STeP,ST,0.02719952352707135
SThPM,WAAW,0.08159857058121406,N,SThP,ST,0.02719952352707135
SThPW,WAAW,0.08159857058121406,N,SThP,ST,0.02719952352707135
SToPM,WAAW,0.08159857058121406,N,SToP,ST,0.02719952352707135
SToPW,WAAW,0.08159857058121406,N,SToP,ST,0.02719952352707135
STePM,WEEW,0.11539710123536863,N,STeP,ST,0.03846570041178954
STePW,WEEW,0.11539710123536863,N,STeP,ST,0.03846570041178954
SThPM,WEEW,0.11539710123536863,N,SThP,ST,0.03846570041178954
SThPW,WEEW,0.11539710123536863,N,SThP,ST,0.03846570041178954
SToPM,WEEW,0.11539710123536863,N,SToP,ST,0.03846570041178954
SToPW,WEEW,0.11539710123536863,N,SToP,ST,0.03846570041178954
STePM,WSBW,0.268679543064838,N,STeP,ST,0.08955984768827932
STePW,WSBW,0.268679543064838,N,STeP,ST,0.08955984768827932
SThPM,WSBW,0.268679543064838,N,SThP,ST,0.08955984768827932
SThPW,WSBW,0.268679543064838,N,SThP,ST,0.08955984768827932
SToPM,WSBW,0.268679543064838,N,SToP,ST,0.08955984768827932
SToPW,WSBW,0.268679543064838,N,SToP,ST,0.08955984768827932
STePM,WUEW,0.1121168714491884,N,STeP,ST,0.0373722904830628
STePW,WUEW,0.1121168714491884,N,STeP,ST,0.0373722904830628
SThPM,WUEW,0.1121168714491884,N,SThP,ST,0.0373722904830628
SThPW,WUEW,0.1121168714491884,N,SThP,ST,0.0373722904830628
SToPM,WUEW,0.1121168714491884,N,SToP,ST,0.0373722904830628
SToPW,WUEW,0.1121168714491884,N,SToP,ST,0.0373722904830628
STePM,WUUW,0.6606418495883575,N,STeP,ST,0.22021394986278586
STePW,WUUW,0.6606418495883575,N,STeP,ST,0.22021394986278586
SThPM,WUUW,0.6606418495883575,N,SThP,ST,0.22021394986278586
SThPW,WUUW,0.6606418495883575,N,SThP,ST,0.22021394986278586
SToPM,WUUW,0.6606418495883575,N,SToP,ST,0.22021394986278586
SToPW,WUUW,0.6606418495883575,N,SToP,ST,0.22021394986278586
STePM,WVVW,0.3979004924347239,N,STeP,ST,0.1326334974782413
STePW,WVVW,0.3979004924347239,N,STeP,ST,0.1326334974782413
SThPM,WVVW,0.3979004924347239,N,SThP,ST,0.1326334974782413
SThPW,WVVW,0.3979004924347239,N,SThP,ST,0.1326334974782413
SToPM,WVVW,0.3979004924347239,N,SToP,ST,0.1326334974782413
SToPW,WVVW,0.3979004924347239,N,SToP,ST,0.1326334974782413
STePM,WEUW,0.1121168714491884,N,STeP,ST,0.0373722904830628
STePW,WEUW,0.1121168714491884,N,STeP,ST,0.0373722904830628
SThPM,WEUW,0.1121168714491884,N,SThP,ST,0.0373722904830628
SThPW,WEUW,0.1121168714491884,N,SThP,ST,0.0373722904830628
SToPM,WEUW,0.1121168714491884,N,SToP,ST,0.0373722904830628
SToPW,WEUW,0.1121168714491884,N,SToP,ST,0.0373722904830628
NEePM,WAW,0.1269257629300466,N,NEeP,NEm,0.0634628814650233
NEhPM,WAW,0.1269257629300466,N,NEhP,NEm,0.0634628814650233
NEoPM,WAW,0.1269257629300466,N,NEoP,NEm,0.0634628814650233
NEePM,WEW,0.3223127956721075,N,NEeP,NEm,0.16115639783605376
NEhPM,WEW,0.3223127956721075,N,NEhP,NEm,0.16115639783605376
NEoPM,WEW,0.3223127956721075,N,NEoP,NEm,0.16115639783605376
NEePM,WFW,0.32392619268848416,N,NEeP,NEm,0.16196309634424208
NEhPM,WFW,0.32392619268848416,N,NEhP,NEm,0.16196309634424208
NEoPM,WFW,0.32392619268848416,N,NEoP,NEm,0.16196309634424208
NEePM,WGW,0.0783997434480713,N,NEeP,NEm,0.03919987172403565
NEhPM,WGW,0.0783997434480713,N,NEhP,NEm,0.03919987172403565
NEoPM,WGW,0.0783997434480713,N,NEoP,NEm,0.03919987172403565
NEePM,WKW,0.17918682446866796,N,NEeP,NEm,0.08959341223433398
NEhPM,WKW,0.17918682446866796,N,NEhP,NEm,0.08959341223433398
NEoPM,WKW,0.17918682446866796,N,NEoP,NEm,0.08959341223433398
NEePM,WOW,0.3792041688243691,N,NEeP,NEm,0.18960208441218454
NEhPM,WOW,0.3792041688243691,N,NEhP,NEm,0.18960208441218454
NEoPM,WOW,0.3792041688243691,N,NEoP,NEm,0.18960208441218454
NEePM,WRW,0.05135956573881793,N,NEeP,NEm,0.02567978286940897
NEhPM,WRW,0.05135956573881793,N,NEhP,NEm,0.02567978286940897
NEoPM,WRW,0.05135956573881793,N,NEoP,NEm,0.02567978286940897
NEePM,WSW,0.0959569274173558,N,NEeP,NEm,0.047978463708677914
NEhPM,WSW,0.0959569274173558,N,NEhP,NEm,0.047978463708677914
NEoPM,WSW,0.0959569274173558,N,NEoP,NEm,0.047978463708677914
NEePM,WTW,0.07735416723831409,N,NEeP,NEm,0.03867708361915705
NEhPM,WTW,0.07735416723831409,N,NEhP,NEm,0.03867708361915705
NEoPM,WTW,0.07735416723831409,N,NEoP,NEm,0.03867708361915705
NEePM,WVW,0.3477259796508793,N,NEeP,NEm,0.17386298982543966
NEhPM,WVW,0.3477259796508793,N,NEhP,NEm,0.17386298982543966
NEoPM,WVW,0.3477259796508793,N,NEoP,NEm,0.17386298982543966
NEePM,WBBW,1.3420845040739873,N,NEeP,NEm,0.4473615013579957
NEhPM,WBBW,1.3420845040739873,N,NEhP,NEm,0.4473615013579957
NEoPM,WBBW,1.3420845040739873,N,NEoP,NEm,0.4473615013579957
EWePM,WAW,0.8144643964047621,N,EWeP,EWm,0.40723219820238105
EWhPM,WAW,0.8144643964047621,N,EWhP,EWm,0.40723219820238105
EWoPM,WAW,0.8144643964047621,N,EWoP,EWm,0.40723219820238105
EWePM,WBW,0.08149824104663038,N,EWeP,EWm,0.04074912052331518
EWhPM,WBW,0.08149824104663038,N,EWhP,EWm,0.04074912052331518
EWoPM,WBW,0.08149824104663038,N,EWoP,EWm,0.04074912052331518
EWePM,WEW,0.048176806051808414,N,EWeP,EWm,0.024088403025904204
EWhPM,WEW,0.048176806051808414,N,EWhP,EWm,0.024088403025904204
EWoPM,WEW,0.048176806051808414,N,EWoP,EWm,0.024088403025904204
EWePM,WFW,0.08334966352832164,N,EWeP,EWm,0.04167483176416082
EWhPM,WFW,0.08334966352832164,N,EWhP,EWm,0.04167483176416082
EWoPM,WFW,0.08334966352832164,N,EWoP,EWm,0.04167483176416082
EWePM,WOW,0.10183931265837627,N,EWeP,EWm,0.050919656329188136
EWhPM,WOW,0.10183931265837627,N,EWhP,EWm,0.050919656329188136
EWoPM,WOW,0.10183931265837627,N,EWoP,EWm,0.050919656329188136
EWePM,WRW,0.017572720582053537,N,EWeP,EWm,0.008786360291026769
EWhPM,WRW,0.017572720582053537,N,EWhP,EWm,0.008786360291026769
EWoPM,WRW,0.017572720582053537,N,EWoP,EWm,0.008786360291026769
EWePM,WSW,0.06549716565117583,N,EWeP,EWm,0.032748582825587916
EWhPM,WSW,0.06549716565117583,N,EWhP,EWm,0.032748582825587916
EWoPM,WSW,0.06549716565117583,N,EWoP,EWm,0.032748582825587916
EWePM,WVW,0.1031478775287417,N,EWeP,EWm,0.05157393876437085
EWhPM,WVW,0.1031478775287417,N,EWhP,EWm,0.05157393876437085
EWoPM,WVW,0.1031478775287417,N,EWoP,EWm,0.05157393876437085
EWePM,WAAW,0.3498059355628116,N,EWeP,EWm,0.1166019785209372
EWhPM,WAAW,0.3498059355628116,N,EWhP,EWm,0.1166019785209372
EWoPM,WAAW,0.3498059355628116,N,EWoP,EWm,0.1166019785209372
EWePM,WABW,0.05471735789848993,N,EWeP,EWm,0.018239119299496644
EWhPM,WABW,0.05471735789848993,N,EWhP,EWm,0.018239119299496644
EWoPM,WABW,0.05471735789848993,N,EWoP,EWm,0.018239119299496644
EWePM,WAOW,0.05029541050384094,N,EWeP,EWm,0.016765136834613645
EWhPM,WAOW,0.05029541050384094,N,EWhP,EWm,0.016765136834613645
EWoPM,WAOW,0.05029541050384094,N,EWoP,EWm,0.016765136834613645
EWePM,WARW,0.05543766632479212,N,EWeP,EWm,0.01847922210826404
EWhPM,WARW,0.05543766632479212,N,EWhP,EWm,0.01847922210826404
EWoPM,WARW,0.05543766632479212,N,EWoP,EWm,0.01847922210826404
EWePM,WAVW,0.07805257414325302,N,EWeP,EWm,0.026017524714417675
EWhPM,WAVW,0.07805257414325302,N,EWhP,EWm,0.026017524714417675
EWoPM,WAVW,0.07805257414325302,N,EWoP,EWm,0.026017524714417675
EWePM,WAEW,0.04120783963673988,N,EWeP,EWm,0.013735946545579959
EWhPM,WAEW,0.04120783963673988,N,EWhP,EWm,0.013735946545579959
EWoPM,WAEW,0.04120783963673988,N,EWoP,EWm,0.013735946545579959
EWePM,WAFW,0.027109124561157112,N,EWeP,EWm,0.009036374853719038
EWhPM,WAFW,0.027109124561157112,N,EWhP,EWm,0.009036374853719038
EWoPM,WAFW,0.027109124561157112,N,EWoP,EWm,0.009036374853719038
EWePM,WAGW,0.012348761254351637,N,EWeP,EWm,0.004116253751450546
EWhPM,WAGW,0.012348761254351637,N,EWhP,EWm,0.004116253751450546
EWoPM,WAGW,0.012348761254351637,N,EWoP,EWm,0.004116253751450546
EWePM,WAKW,0.033122495253465264,N,EWeP,EWm,0.011040831751155084
EWhPM,WAKW,0.033122495253465264,N,EWhP,EWm,0.011040831751155084
EWoPM,WAKW,0.033122495253465264,N,EWoP,EWm,0.011040831751155084
EWePM,WAMW,0.015570722862089229,N,EWeP,EWm,0.005190240954029743
EWhPM,WAMW,0.015570722862089229,N,EWhP,EWm,0.005190240954029743
EWoPM,WAMW,0.015570722862089229,N,EWoP,EWm,0.005190240954029743
EWePM,WASW,0.05035524463092085,N,EWeP,EWm,0.016785081543640282
EWhPM,WASW,0.05035524463092085,N,EWhP,EWm,0.016785081543640282
EWoPM,WASW,0.05035524463092085,N,EWoP,EWm,0.016785081543640282
EWePM,WBBW,0.044654060237484215,N,EWeP,EWm,0.014884686745828069
EWhPM,WBBW,0.044654060237484215,N,EWhP,EWm,0.014884686745828069
EWoPM,WBBW,0.044654060237484215,N,EWoP,EWm,0.014884686745828069
EWePM,WBEW,0.01183781228000455,N,EWeP,EWm,0.003945937426668184
EWhPM,WBEW,0.01183781228000455,N,EWhP,EWm,0.003945937426668184
EWoPM,WBEW,0.01183781228000455,N,EWoP,EWm,0.003945937426668184
EWePM,WBOW,0.012550260304651893,N,EWeP,EWm,0.00418342010155063
EWhPM,WBOW,0.012550260304651893,N,EWhP,EWm,0.00418342010155063
EWoPM,WBOW,0.012550260304651893,N,EWoP,EWm,0.00418342010155063
EWePM,WBRW,0.009559537958000595,N,EWeP,EWm,0.003186512652666865
EWhPM,WBRW,0.009559537958000595,N,EWhP,EWm,0.003186512652666865
EWoPM,WBRW,0.009559537958000595,N,EWoP,EWm,0.003186512652666865
EWePM,WBVW,0.015971579199334056,N,EWeP,EWm,0.005323859733111352
EWhPM,WBVW,0.015971579199334056,N,EWhP,EWm,0.005323859733111352
EWoPM,WBVW,0.015971579199334056,N,EWoP,EWm,0.005323859733111352
EWePM,WEEW,0.021064446666733832,N,EWeP,EWm,0.00702148222224461
EWhPM,WEEW,0.021064446666733832,N,EWhP,EWm,0.00702148222224461
EWoPM,WEEW,0.021064446666733832,N,EWoP,EWm,0.00702148222224461
EWePM,WEOW,0.004977924531035853,N,EWeP,EWm,0.001659308177011951
EWhPM,WEOW,0.004977924531035853,N,EWhP,EWm,0.001659308177011951
EWoPM,WEOW,0.004977924531035853,N,EWoP,EWm,0.001659308177011951
EWePM,WEVW,0.00707534557704518,N,EWeP,EWm,0.0023584485256817264
EWhPM,WEVW,0.00707534557704518,N,EWhP,EWm,0.0023584485256817264
EWoPM,WEVW,0.00707534557704518,N,EWoP,EWm,0.0023584485256817264
EWePM,WFFW,0.034753874593905616,N,EWeP,EWm,0.011584624864635207
EWhPM,WFFW,0.034753874593905616,N,EWhP,EWm,0.011584624864635207
EWoPM,WFFW,0.034753874593905616,N,EWoP,EWm,0.011584624864635207
EWePM,WFBW,0.031223319750651308,N,EWeP,EWm,0.010407773250217104
EWhPM,WFBW,0.031223319750651308,N,EWhP,EWm,0.010407773250217104
EWoPM,WFBW,0.031223319750651308,N,EWoP,EWm,0.010407773250217104
EWePM,WFEW,0.002931317717090959,N,EWeP,EWm,0.0009771059056969864
EWhPM,WFEW,0.002931317717090959,N,EWhP,EWm,0.0009771059056969864
EWoPM,WFEW,0.002931317717090959,N,EWoP,EWm,0.0009771059056969864
EWePM,WFOW,0.005839176466452949,N,EWeP,EWm,0.0019463921554843163
EWhPM,WFOW,0.005839176466452949,N,EWhP,EWm,0.0019463921554843163
EWoPM,WFOW,0.005839176466452949,N,EWoP,EWm,0.0019463921554843163
EWePM,WFVW,0.01230425274142023,N,EWeP,EWm,0.004101417580473411
EWhPM,WFVW,0.01230425274142023,N,EWhP,EWm,0.004101417580473411
EWoPM,WFVW,0.01230425274142023,N,EWoP,EWm,0.004101417580473411
EWePM,WOOW,0.060956914822520386,N,EWeP,EWm,0.0203189716075068
EWhPM,WOOW,0.060956914822520386,N,EWhP,EWm,0.0203189716075068
EWoPM,WOOW,0.060956914822520386,N,EWoP,EWm,0.0203189716075068
EWePM,WORW,0.0137386500646461,N,EWeP,EWm,0.004579550021548699
EWhPM,WORW,0.0137386500646461,N,EWhP,EWm,0.004579550021548699
EWoPM,WORW,0.0137386500646461,N,EWoP,EWm,0.004579550021548699
EWePM,WRRW,0.03846814112558596,N,EWeP,EWm,0.012822713708528655
EWhPM,WRRW,0.03846814112558596,N,EWhP,EWm,0.012822713708528655
EWoPM,WRRW,0.03846814112558596,N,EWoP,EWm,0.012822713708528655
EWePM,WSBW,0.04210441998827503,N,EWeP,EWm,0.014034806662758343
EWhPM,WSBW,0.04210441998827503,N,EWhP,EWm,0.014034806662758343
EWoPM,WSBW,0.04210441998827503,N,EWoP,EWm,0.014034806662758343
EWePM,WSEW,0.011475468962278398,N,EWeP,EWm,0.0038251563207594656
EWhPM,WSEW,0.011475468962278398,N,EWhP,EWm,0.0038251563207594656
EWoPM,WSEW,0.011475468962278398,N,EWoP,EWm,0.0038251563207594656
EWePM,WSVW,0.02448826584708231,N,EWeP,EWm,0.008162755282360771
EWhPM,WSVW,0.02448826584708231,N,EWhP,EWm,0.008162755282360771
EWoPM,WSVW,0.02448826584708231,N,EWoP,EWm,0.008162755282360771
EWePM,WVVW,0.03481099832696806,N,EWeP,EWm,0.01160366610898935
EWhPM,WVVW,0.03481099832696806,N,EWhP,EWm,0.01160366610898935
EWoPM,WVVW,0.03481099832696806,N,EWoP,EWm,0.01160366610898935
EWePM,WVOW,0.05880865257222213,N,EWeP,EWm,0.019602884190740712
EWhPM,WVOW,0.05880865257222213,N,EWhP,EWm,0.019602884190740712
EWoPM,WVOW,0.05880865257222213,N,EWoP,EWm,0.019602884190740712
EWePM,WVRW,0.006709147153448912,N,EWeP,EWm,0.0022363823844829705
EWhPM,WVRW,0.006709147153448912,N,EWhP,EWm,0.0022363823844829705
EWoPM,WVRW,0.006709147153448912,N,EWoP,EWm,0.0022363823844829705
EWePM,WBAW,0.02044384800602921,N,EWeP,EWm,0.006814616002009736
EWhPM,WBAW,0.02044384800602921,N,EWhP,EWm,0.006814616002009736
EWoPM,WBAW,0.02044384800602921,N,EWoP,EWm,0.006814616002009736
EWePM,WOAW,0.031752567479586366,N,EWeP,EWm,0.010584189159862123
EWhPM,WOAW,0.031752567479586366,N,EWhP,EWm,0.010584189159862123
EWoPM,WOAW,0.031752567479586366,N,EWoP,EWm,0.010584189159862123
EWePM,WRAW,0.04837818821601709,N,EWeP,EWm,0.016126062738672363
EWhPM,WRAW,0.04837818821601709,N,EWhP,EWm,0.016126062738672363
EWoPM,WRAW,0.04837818821601709,N,EWoP,EWm,0.016126062738672363
EWePM,WVAW,0.026856799705205325,N,EWeP,EWm,0.008952266568401777
EWhPM,WVAW,0.026856799705205325,N,EWhP,EWm,0.008952266568401777
EWoPM,WVAW,0.026856799705205325,N,EWoP,EWm,0.008952266568401777
EWePM,WEAW,0.02248279349577925,N,EWeP,EWm,0.007494264498593084
EWhPM,WEAW,0.02248279349577925,N,EWhP,EWm,0.007494264498593084
EWoPM,WEAW,0.02248279349577925,N,EWoP,EWm,0.007494264498593084
EWePM,WFAW,0.024824064253320115,N,EWeP,EWm,0.008274688084440039
EWhPM,WFAW,0.024824064253320115,N,EWhP,EWm,0.008274688084440039
EWoPM,WFAW,0.024824064253320115,N,EWoP,EWm,0.008274688084440039
EWePM,WGAW,0.01875643082210085,N,EWeP,EWm,0.00625214360736695
EWhPM,WGAW,0.01875643082210085,N,EWhP,EWm,0.00625214360736695
EWoPM,WGAW,0.01875643082210085,N,EWoP,EWm,0.00625214360736695
EWePM,WKAW,0.050099854629613284,N,EWeP,EWm,0.01669995154320443
EWhPM,WKAW,0.050099854629613284,N,EWhP,EWm,0.01669995154320443
EWoPM,WKAW,0.050099854629613284,N,EWoP,EWm,0.01669995154320443
EWePM,WMAW,0.02394887831072608,N,EWeP,EWm,0.007982959436908695
EWhPM,WMAW,0.02394887831072608,N,EWhP,EWm,0.007982959436908695
EWoPM,WMAW,0.02394887831072608,N,EWoP,EWm,0.007982959436908695
EWePM,WEBW,0.010927211335388813,N,EWeP,EWm,0.0036424037784629384
EWhPM,WEBW,0.010927211335388813,N,EWhP,EWm,0.0036424037784629384
EWoPM,WEBW,0.010927211335388813,N,EWoP,EWm,0.0036424037784629384
EWePM,WOBW,0.01821018161851451,N,EWeP,EWm,0.006070060539504837
EWhPM,WOBW,0.01821018161851451,N,EWhP,EWm,0.006070060539504837
EWoPM,WOBW,0.01821018161851451,N,EWoP,EWm,0.006070060539504837
EWePM,WRBW,0.007633875635525655,N,EWeP,EWm,0.002544625211841885
EWhPM,WRBW,0.007633875635525655,N,EWhP,EWm,0.002544625211841885
EWoPM,WRBW,0.007633875635525655,N,EWoP,EWm,0.002544625211841885
EWePM,WSBW,0.023516474842418183,N,EWeP,EWm,0.007838824947472726
EWhPM,WSBW,0.023516474842418183,N,EWhP,EWm,0.007838824947472726
EWoPM,WSBW,0.023516474842418183,N,EWoP,EWm,0.007838824947472726
EWePM,WVBW,0.01629423736497717,N,EWeP,EWm,0.00543141245499239
EWhPM,WVBW,0.01629423736497717,N,EWhP,EWm,0.00543141245499239
EWoPM,WVBW,0.01629423736497717,N,EWoP,EWm,0.00543141245499239
EWePM,WOEW,0.01409458325071071,N,EWeP,EWm,0.00469819441690357
EWhPM,WOEW,0.01409458325071071,N,EWhP,EWm,0.00469819441690357
EWoPM,WOEW,0.01409458325071071,N,EWoP,EWm,0.00469819441690357
EWePM,WVEW,0.004191128271752878,N,EWeP,EWm,0.001397042757250959
EWhPM,WVEW,0.004191128271752878,N,EWhP,EWm,0.001397042757250959
EWoPM,WVEW,0.004191128271752878,N,EWoP,EWm,0.001397042757250959
EWePM,WEFW,0.008214377024699758,N,EWeP,EWm,0.0027381256748999195
EWhPM,WEFW,0.008214377024699758,N,EWhP,EWm,0.0027381256748999195
EWoPM,WEFW,0.008214377024699758,N,EWoP,EWm,0.0027381256748999195
EWePM,WOFW,0.012936310563942384,N,EWeP,EWm,0.0043121035213141284
EWhPM,WOFW,0.012936310563942384,N,EWhP,EWm,0.0043121035213141284
EWoPM,WOFW,0.012936310563942384,N,EWoP,EWm,0.0043121035213141284
EWePM,WVFW,0.009825698232357164,N,EWeP,EWm,0.003275232744119055
EWhPM,WVFW,0.009825698232357164,N,EWhP,EWm,0.003275232744119055
EWoPM,WVFW,0.009825698232357164,N,EWoP,EWm,0.003275232744119055
EWePM,WVOW,0.017757827159593374,N,EWeP,EWm,0.0059192757198644605
EWhPM,WVOW,0.017757827159593374,N,EWhP,EWm,0.0059192757198644605
EWoPM,WVOW,0.017757827159593374,N,EWoP,EWm,0.0059192757198644605
EWePM,WROW,0.007727990661363432,N,EWeP,EWm,0.002575996887121144
EWhPM,WROW,0.007727990661363432,N,EWhP,EWm,0.002575996887121144
EWoPM,WROW,0.007727990661363432,N,EWoP,EWm,0.002575996887121144
EWePM,WESW,0.007650312641518935,N,EWeP,EWm,0.002550104213839645
EWhPM,WESW,0.007650312641518935,N,EWhP,EWm,0.002550104213839645
EWoPM,WESW,0.007650312641518935,N,EWoP,EWm,0.002550104213839645
EWePM,WVSW,0.00910331967703608,N,EWeP,EWm,0.0030344398923453607
EWhPM,WVSW,0.00910331967703608,N,EWhP,EWm,0.0030344398923453607
EWoPM,WVSW,0.00910331967703608,N,EWoP,EWm,0.0030344398923453607
EWePM,WRVW,0.0063183230474227635,N,EWeP,EWm,0.002106107682474254
EWhPM,WRVW,0.0063183230474227635,N,EWhP,EWm,0.002106107682474254
EWoPM,WRVW,0.0063183230474227635,N,EWoP,EWm,0.002106107682474254
RJePM,WAW,0.0974015405790908,N,RJeP,RJm,0.0487007702895454
RJhPM,WAW,0.0974015405790908,N,RJhP,RJm,0.0487007702895454
RJoPM,WAW,0.0974015405790908,N,RJoP,RJm,0.0487007702895454
RJePM,WBW,0.30458718742363,N,RJeP,RJm,0.152293593711815
RJhPM,WBW,0.30458718742363,N,RJhP,RJm,0.152293593711815
RJoPM,WBW,0.30458718742363,N,RJoP,RJm,0.152293593711815
RJePM,WEW,0.22085102498610595,N,RJeP,RJm,0.11042551249305298
RJhPM,WEW,0.22085102498610595,N,RJhP,RJm,0.11042551249305298
RJoPM,WEW,0.22085102498610595,N,RJoP,RJm,0.11042551249305298
RJePM,WFW,0.31793313293351777,N,RJeP,RJm,0.15896656646675889
RJhPM,WFW,0.31793313293351777,N,RJhP,RJm,0.15896656646675889
RJoPM,WFW,0.31793313293351777,N,RJoP,RJm,0.15896656646675889
RJePM,WOW,0.3908240271470152,N,RJeP,RJm,0.1954120135735076
RJhPM,WOW,0.3908240271470152,N,RJhP,RJm,0.1954120135735076
RJoPM,WOW,0.3908240271470152,N,RJoP,RJm,0.1954120135735076
RJePM,WRW,0.01817599453030528,N,RJeP,RJm,0.00908799726515264
RJhPM,WRW,0.01817599453030528,N,RJhP,RJm,0.00908799726515264
RJoPM,WRW,0.01817599453030528,N,RJoP,RJm,0.00908799726515264
RJePM,WSW,0.11699003004535426,N,RJeP,RJm,0.05849501502267713
RJhPM,WSW,0.11699003004535426,N,RJhP,RJm,0.05849501502267713
RJoPM,WSW,0.11699003004535426,N,RJoP,RJm,0.05849501502267713
RJePM,WTW,0.021724129974265604,N,RJeP,RJm,0.010862064987132802
RJhPM,WTW,0.021724129974265604,N,RJhP,RJm,0.010862064987132802
RJoPM,WTW,0.021724129974265604,N,RJoP,RJm,0.010862064987132802
RJePM,WVW,0.3580180779040352,N,RJeP,RJm,0.1790090389520176
RJhPM,WVW,0.3580180779040352,N,RJhP,RJm,0.1790090389520176
RJoPM,WVW,0.3580180779040352,N,RJoP,RJm,0.1790090389520176
RJePM,WABW,0.01578793766315484,N,RJeP,RJm,0.005262645887718278
RJhPM,WABW,0.01578793766315484,N,RJhP,RJm,0.005262645887718278
RJoPM,WABW,0.01578793766315484,N,RJoP,RJm,0.005262645887718278
RJePM,WBBW,0.18599698295446834,N,RJeP,RJm,0.061998994318156114
RJhPM,WBBW,0.18599698295446834,N,RJhP,RJm,0.061998994318156114
RJoPM,WBBW,0.18599698295446834,N,RJoP,RJm,0.061998994318156114
RJePM,WBVW,0.03046045144749414,N,RJeP,RJm,0.01015348381583138
RJhPM,WBVW,0.03046045144749414,N,RJhP,RJm,0.01015348381583138
RJoPM,WBVW,0.03046045144749414,N,RJoP,RJm,0.01015348381583138
RJePM,WEEW,0.14864649792141602,N,RJeP,RJm,0.049548832640471996
RJhPM,WEEW,0.14864649792141602,N,RJhP,RJm,0.049548832640471996
RJoPM,WEEW,0.14864649792141602,N,RJoP,RJm,0.049548832640471996
RJePM,WEOW,0.0156343424852357,N,RJeP,RJm,0.005211447495078568
RJhPM,WEOW,0.0156343424852357,N,RJhP,RJm,0.005211447495078568
RJoPM,WEOW,0.0156343424852357,N,RJoP,RJm,0.005211447495078568
RJePM,WEVW,0.06634908725781956,N,RJeP,RJm,0.022116362419273183
RJhPM,WEVW,0.06634908725781956,N,RJhP,RJm,0.022116362419273183
RJoPM,WEVW,0.06634908725781956,N,RJoP,RJm,0.022116362419273183
RJePM,WFFW,0.10948504572632302,N,RJeP,RJm,0.036495015242107666
RJhPM,WFFW,0.10948504572632302,N,RJhP,RJm,0.036495015242107666
RJoPM,WFFW,0.10948504572632302,N,RJoP,RJm,0.036495015242107666
RJePM,WFBW,0.13079601242168093,N,RJeP,RJm,0.04359867080722698
RJhPM,WFBW,0.13079601242168093,N,RJhP,RJm,0.04359867080722698
RJoPM,WFBW,0.13079601242168093,N,RJoP,RJm,0.04359867080722698
RJePM,WOOW,0.17821153078750065,N,RJeP,RJm,0.05940384359583355
RJhPM,WOOW,0.17821153078750065,N,RJhP,RJm,0.05940384359583355
RJoPM,WOOW,0.17821153078750065,N,RJoP,RJm,0.05940384359583355
RJePM,WORW,0.06239510981820642,N,RJeP,RJm,0.020798369939402143
RJhPM,WORW,0.06239510981820642,N,RJhP,RJm,0.020798369939402143
RJoPM,WORW,0.06239510981820642,N,RJoP,RJm,0.020798369939402143
RJePM,WRRW,0.08736843222059268,N,RJeP,RJm,0.029122810740197562
RJhPM,WRRW,0.08736843222059268,N,RJhP,RJm,0.029122810740197562
RJoPM,WRRW,0.08736843222059268,N,RJoP,RJm,0.029122810740197562
RJePM,WSBW,0.08800603874187271,N,RJeP,RJm,0.029335346247290905
RJhPM,WSBW,0.08800603874187271,N,RJhP,RJm,0.029335346247290905
RJoPM,WSBW,0.08800603874187271,N,RJoP,RJm,0.029335346247290905
RJePM,WVVW,0.2138663866849588,N,RJeP,RJm,0.07128879556165292
RJhPM,WVVW,0.2138663866849588,N,RJhP,RJm,0.07128879556165292
RJoPM,WVVW,0.2138663866849588,N,RJoP,RJm,0.07128879556165292
RJePM,WVOW,0.12100722448313092,N,RJeP,RJm,0.04033574149437697
RJhPM,WVOW,0.12100722448313092,N,RJhP,RJm,0.04033574149437697
RJoPM,WVOW,0.12100722448313092,N,RJoP,RJm,0.04033574149437697
RJePM,WBAW,0.005898789896123785,N,RJeP,RJm,0.0019662632987079284
RJhPM,WBAW,0.005898789896123785,N,RJhP,RJm,0.0019662632987079284
RJoPM,WBAW,0.005898789896123785,N,RJoP,RJm,0.0019662632987079284
RJePM,WVBW,0.031075814102999068,N,RJeP,RJm,0.010358604700999691
RJhPM,WVBW,0.031075814102999068,N,RJhP,RJm,0.010358604700999691
RJoPM,WVBW,0.031075814102999068,N,RJoP,RJm,0.010358604700999691
RJePM,WFBW,0.037834727251057236,N,RJeP,RJm,0.012611575750352412
RJhPM,WFBW,0.037834727251057236,N,RJhP,RJm,0.012611575750352412
RJoPM,WFBW,0.037834727251057236,N,RJoP,RJm,0.012611575750352412
RJePM,WOEW,0.04426735286049496,N,RJeP,RJm,0.014755784286831653
RJhPM,WOEW,0.04426735286049496,N,RJhP,RJm,0.014755784286831653
RJoPM,WOEW,0.04426735286049496,N,RJoP,RJm,0.014755784286831653
RJePM,WVEW,0.039302325573103314,N,RJeP,RJm,0.013100775191034437
RJhPM,WVEW,0.039302325573103314,N,RJhP,RJm,0.013100775191034437
RJoPM,WVEW,0.039302325573103314,N,RJoP,RJm,0.013100775191034437
RJePM,WVOW,0.15500961225894286,N,RJeP,RJm,0.05166987075298096
RJhPM,WVOW,0.15500961225894286,N,RJhP,RJm,0.05166987075298096
RJoPM,WVOW,0.15500961225894286,N,RJoP,RJm,0.05166987075298096
RJePM,WROW,0.03509724927274112,N,RJeP,RJm,0.011699083090913706
RJhPM,WROW,0.03509724927274112,N,RJhP,RJm,0.011699083090913706
RJoPM,WROW,0.03509724927274112,N,RJoP,RJm,0.011699083090913706
RAePM,WAW,0.06579148064377045,N,RAeP,RAm,0.032895740321885227
RAhPM,WAW,0.06579148064377045,N,RAhP,RAm,0.032895740321885227
RAoPM,WAW,0.06579148064377045,N,RAoP,RAm,0.032895740321885227
RAePM,WBW,0.20628030436036648,N,RAeP,RAm,0.10314015218018324
RAhPM,WBW,0.20628030436036648,N,RAhP,RAm,0.10314015218018324
RAoPM,WBW,0.20628030436036648,N,RAoP,RAm,0.10314015218018324
RAePM,WEW,0.13615125192457891,N,RAeP,RAm,0.06807562596228946
RAhPM,WEW,0.13615125192457891,N,RAhP,RAm,0.06807562596228946
RAoPM,WEW,0.13615125192457891,N,RAoP,RAm,0.06807562596228946
RAePM,WFW,0.27859871705678835,N,RAeP,RAm,0.13929935852839415
RAhPM,WFW,0.27859871705678835,N,RAhP,RAm,0.13929935852839415
RAoPM,WFW,0.27859871705678835,N,RAoP,RAm,0.13929935852839415
RAePM,WOW,0.26757527929630937,N,RAeP,RAm,0.13378763964815468
RAhPM,WOW,0.26757527929630937,N,RAhP,RAm,0.13378763964815468
RAoPM,WOW,0.26757527929630937,N,RAoP,RAm,0.13378763964815468
RAePM,WRW,0.08862860422558481,N,RAeP,RAm,0.044314302112792414
RAhPM,WRW,0.08862860422558481,N,RAhP,RAm,0.044314302112792414
RAoPM,WRW,0.08862860422558481,N,RAoP,RAm,0.044314302112792414
RAePM,WSW,0.12216066663140285,N,RAeP,RAm,0.061080333315701424
RAhPM,WSW,0.12216066663140285,N,RAhP,RAm,0.061080333315701424
RAoPM,WSW,0.12216066663140285,N,RAoP,RAm,0.061080333315701424
RAePM,WTW,0.031604542309457584,N,RAeP,RAm,0.015802271154728792
RAhPM,WTW,0.031604542309457584,N,RAhP,RAm,0.015802271154728792
RAoPM,WTW,0.031604542309457584,N,RAoP,RAm,0.015802271154728792
RAePM,WVW,0.17501380823271004,N,RAeP,RAm,0.08750690411635502
RAhPM,WVW,0.17501380823271004,N,RAhP,RAm,0.08750690411635502
RAoPM,WVW,0.17501380823271004,N,RAoP,RAm,0.08750690411635502
RAePM,WBBW,0.1251155905668586,N,RAeP,RAm,0.041705196855619533
RAhPM,WBBW,0.1251155905668586,N,RAhP,RAm,0.041705196855619533
RAoPM,WBBW,0.1251155905668586,N,RAoP,RAm,0.041705196855619533
RAePM,WEVW,0.0830360370944165,N,RAeP,RAm,0.02767867903147217
RAhPM,WEVW,0.0830360370944165,N,RAhP,RAm,0.02767867903147217
RAoPM,WEVW,0.0830360370944165,N,RAoP,RAm,0.02767867903147217
RAePM,WFBW,0.11505221663638045,N,RAeP,RAm,0.038350738878793485
RAhPM,WFBW,0.11505221663638045,N,RAhP,RAm,0.038350738878793485
RAoPM,WFBW,0.11505221663638045,N,RAoP,RAm,0.038350738878793485
RAePM,WOOW,0.3571299218511901,N,RAeP,RAm,0.11904330728373005
RAhPM,WOOW,0.3571299218511901,N,RAhP,RAm,0.11904330728373005
RAoPM,WOOW,0.3571299218511901,N,RAoP,RAm,0.11904330728373005
RAePM,WVVW,0.2424304992349189,N,RAeP,RAm,0.08081016641163963
RAhPM,WVVW,0.2424304992349189,N,RAhP,RAm,0.08081016641163963
RAoPM,WVVW,0.2424304992349189,N,RAoP,RAm,0.08081016641163963
RAePM,WVOW,0.2298934288642724,N,RAeP,RAm,0.07663114295475748
RAhPM,WVOW,0.2298934288642724,N,RAhP,RAm,0.07663114295475748
RAoPM,WVOW,0.2298934288642724,N,RAoP,RAm,0.07663114295475748
RAePM,WVEW,0.04918695190943143,N,RAeP,RAm,0.016395650636477143
RAhPM,WVEW,0.04918695190943143,N,RAhP,RAm,0.016395650636477143
RAoPM,WVEW,0.04918695190943143,N,RAoP,RAm,0.016395650636477143
RAePM,WVOW,0.18534400093498896,N,RAeP,RAm,0.06178133364499633
RAhPM,WVOW,0.18534400093498896,N,RAhP,RAm,0.06178133364499633
RAoPM,WVOW,0.18534400093498896,N,RAoP,RAm,0.06178133364499633
NEePW,WAW,0.03830013587855355,N,NEeP,NEf,0.01915006793927677
NEhPW,WAW,0.03830013587855355,N,NEhP,NEf,0.01915006793927677
NEoPW,WAW,0.03830013587855355,N,NEoP,NEf,0.01915006793927677
NEePW,WBW,0.27262488205922913,N,NEeP,NEf,0.13631244102961454
NEhPW,WBW,0.27262488205922913,N,NEhP,NEf,0.13631244102961454
NEoPW,WBW,0.27262488205922913,N,NEoP,NEf,0.13631244102961454
NEePW,WEW,0.07324477157697866,N,NEeP,NEf,0.03662238578848933
NEhPW,WEW,0.07324477157697866,N,NEhP,NEf,0.03662238578848933
NEoPW,WEW,0.07324477157697866,N,NEoP,NEf,0.03662238578848933
NEePW,WFW,0.1701896951264306,N,NEeP,NEf,0.0850948475632153
NEhPW,WFW,0.1701896951264306,N,NEhP,NEf,0.0850948475632153
NEoPW,WFW,0.1701896951264306,N,NEoP,NEf,0.0850948475632153
NEePW,WGW,0.14991342195635726,N,NEeP,NEf,0.07495671097817863
NEhPW,WGW,0.14991342195635726,N,NEhP,NEf,0.07495671097817863
NEoPW,WGW,0.14991342195635726,N,NEoP,NEf,0.07495671097817863
NEePW,WKW,0.4320220047231419,N,NEeP,NEf,0.21601100236157092
NEhPW,WKW,0.4320220047231419,N,NEhP,NEf,0.21601100236157092
NEoPW,WKW,0.4320220047231419,N,NEoP,NEf,0.21601100236157092
NEePW,WMW,0.1785133305574221,N,NEeP,NEf,0.08925666527871105
NEhPW,WMW,0.1785133305574221,N,NEhP,NEf,0.08925666527871105
NEoPW,WMW,0.1785133305574221,N,NEoP,NEf,0.08925666527871105
NEePW,WOW,0.2877087106374735,N,NEeP,NEf,0.14385435531873675
NEhPW,WOW,0.2877087106374735,N,NEhP,NEf,0.14385435531873675
NEoPW,WOW,0.2877087106374735,N,NEoP,NEf,0.14385435531873675
NEePW,WRW,0.034644854855188006,N,NEeP,NEf,0.017322427427594003
NEhPW,WRW,0.034644854855188006,N,NEhP,NEf,0.017322427427594003
NEoPW,WRW,0.034644854855188006,N,NEoP,NEf,0.017322427427594003
NEePW,WSW,0.22321229731923334,N,NEeP,NEf,0.11160614865961667
NEhPW,WSW,0.22321229731923334,N,NEhP,NEf,0.11160614865961667
NEoPW,WSW,0.22321229731923334,N,NEoP,NEf,0.11160614865961667
NEePW,WVW,0.23441680856848734,N,NEeP,NEf,0.11720840428424367
NEhPW,WVW,0.23441680856848734,N,NEhP,NEf,0.11720840428424367
NEoPW,WVW,0.23441680856848734,N,NEoP,NEf,0.11720840428424367
NEePW,WBBW,0.13516987620336884,N,NEeP,NEf,0.04505662540112295
NEhPW,WBBW,0.13516987620336884,N,NEhP,NEf,0.04505662540112295
NEoPW,WBBW,0.13516987620336884,N,NEoP,NEf,0.04505662540112295
NEePW,WBVW,0.06418671038538504,N,NEeP,NEf,0.02139557012846168
NEhPW,WBVW,0.06418671038538504,N,NEhP,NEf,0.02139557012846168
NEoPW,WBVW,0.06418671038538504,N,NEoP,NEf,0.02139557012846168
NEePW,WEEW,0.1829491045185452,N,NEeP,NEf,0.06098303483951506
NEhPW,WEEW,0.1829491045185452,N,NEhP,NEf,0.06098303483951506
NEoPW,WEEW,0.1829491045185452,N,NEoP,NEf,0.06098303483951506
NEePW,WFFW,0.21070468796184366,N,NEeP,NEf,0.07023489598728122
NEhPW,WFFW,0.21070468796184366,N,NEhP,NEf,0.07023489598728122
NEoPW,WFFW,0.21070468796184366,N,NEoP,NEf,0.07023489598728122
NEePW,WFBW,0.09509377107385153,N,NEeP,NEf,0.03169792369128385
NEhPW,WFBW,0.09509377107385153,N,NEhP,NEf,0.03169792369128385
NEoPW,WFBW,0.09509377107385153,N,NEoP,NEf,0.03169792369128385
NEePW,WFVW,0.049751540635255366,N,NEeP,NEf,0.01658384687841846
NEhPW,WFVW,0.049751540635255366,N,NEhP,NEf,0.01658384687841846
NEoPW,WFVW,0.049751540635255366,N,NEoP,NEf,0.01658384687841846
NEePW,WGBW,0.0853416196937443,N,NEeP,NEf,0.028447206564581436
NEhPW,WGBW,0.0853416196937443,N,NEhP,NEf,0.028447206564581436
NEoPW,WGBW,0.0853416196937443,N,NEoP,NEf,0.028447206564581436
NEePW,WKBW,0.1269361494842611,N,NEeP,NEf,0.04231204982808704
NEhPW,WKBW,0.1269361494842611,N,NEhP,NEf,0.04231204982808704
NEoPW,WKBW,0.1269361494842611,N,NEoP,NEf,0.04231204982808704
NEePW,WKVW,0.10499100637381034,N,NEeP,NEf,0.034997002124603445
NEhPW,WKVW,0.10499100637381034,N,NEhP,NEf,0.034997002124603445
NEoPW,WKVW,0.10499100637381034,N,NEoP,NEf,0.034997002124603445
NEePW,WMBW,0.007290744651633531,N,NEeP,NEf,0.002430248217211177
NEhPW,WMBW,0.007290744651633531,N,NEhP,NEf,0.002430248217211177
NEoPW,WMBW,0.007290744651633531,N,NEoP,NEf,0.002430248217211177
NEePW,WOOW,0.2138178835895496,N,NEeP,NEf,0.07127262786318317
NEhPW,WOOW,0.2138178835895496,N,NEhP,NEf,0.07127262786318317
NEoPW,WOOW,0.2138178835895496,N,NEoP,NEf,0.07127262786318317
NEePW,WVVW,0.2102883577765874,N,NEeP,NEf,0.07009611925886247
NEhPW,WVVW,0.2102883577765874,N,NEhP,NEf,0.07009611925886247
NEoPW,WVVW,0.2102883577765874,N,NEoP,NEf,0.07009611925886247
NEePW,WVOW,0.13791923164689224,N,NEeP,NEf,0.04597307721563074
NEhPW,WVOW,0.13791923164689224,N,NEhP,NEf,0.04597307721563074
NEoPW,WVOW,0.13791923164689224,N,NEoP,NEf,0.04597307721563074
NEePW,WVBW,0.06548341160529181,N,NEeP,NEf,0.0218278038684306
NEhPW,WVBW,0.06548341160529181,N,NEhP,NEf,0.0218278038684306
NEoPW,WVBW,0.06548341160529181,N,NEoP,NEf,0.0218278038684306
NEePW,WVFW,0.03972964755764996,N,NEeP,NEf,0.013243215852549988
NEhPW,WVFW,0.03972964755764996,N,NEhP,NEf,0.013243215852549988
NEoPW,WVFW,0.03972964755764996,N,NEoP,NEf,0.013243215852549988
NEePW,WVOW,0.16044493952953304,N,NEeP,NEf,0.05348164650984435
NEhPW,WVOW,0.16044493952953304,N,NEhP,NEf,0.05348164650984435
NEoPW,WVOW,0.16044493952953304,N,NEoP,NEf,0.05348164650984435
EWePW,WAW,0.6978392030881237,N,EWeP,EWf,0.3489196015440619
EWhPW,WAW,0.6978392030881237,N,EWhP,EWf,0.3489196015440619
EWoPW,WAW,0.6978392030881237,N,EWoP,EWf,0.3489196015440619
EWePW,WBW,0.12611525645223212,N,EWeP,EWf,0.06305762822611606
EWhPW,WBW,0.12611525645223212,N,EWhP,EWf,0.06305762822611606
EWoPW,WBW,0.12611525645223212,N,EWoP,EWf,0.06305762822611606
EWePW,WEW,0.060358819568712314,N,EWeP,EWf,0.030179409784356157
EWhPW,WEW,0.060358819568712314,N,EWhP,EWf,0.030179409784356157
EWoPW,WEW,0.060358819568712314,N,EWoP,EWf,0.030179409784356157
EWePW,WFW,0.10890404343754374,N,EWeP,EWf,0.05445202171877187
EWhPW,WFW,0.10890404343754374,N,EWhP,EWf,0.05445202171877187
EWoPW,WFW,0.10890404343754374,N,EWoP,EWf,0.05445202171877187
EWePW,WGW,0.049359329472608224,N,EWeP,EWf,0.024679664736304112
EWhPW,WGW,0.049359329472608224,N,EWhP,EWf,0.024679664736304112
EWoPW,WGW,0.049359329472608224,N,EWoP,EWf,0.024679664736304112
EWePW,WKW,0.10295327373784499,N,EWeP,EWf,0.0514766368689225
EWhPW,WKW,0.10295327373784499,N,EWhP,EWf,0.0514766368689225
EWoPW,WKW,0.10295327373784499,N,EWoP,EWf,0.0514766368689225
EWePW,WOW,0.14266304742761676,N,EWeP,EWf,0.07133152371380838
EWhPW,WOW,0.14266304742761676,N,EWhP,EWf,0.07133152371380838
EWoPW,WOW,0.14266304742761676,N,EWoP,EWf,0.07133152371380838
EWePW,WRW,0.010413620327387466,N,EWeP,EWf,0.005206810163693733
EWhPW,WRW,0.010413620327387466,N,EWhP,EWf,0.005206810163693733
EWoPW,WRW,0.010413620327387466,N,EWoP,EWf,0.005206810163693733
EWePW,WSW,0.05938308462637802,N,EWeP,EWf,0.02969154231318901
EWhPW,WSW,0.05938308462637802,N,EWhP,EWf,0.02969154231318901
EWoPW,WSW,0.05938308462637802,N,EWoP,EWf,0.02969154231318901
EWePW,WTW,0.02842422744456867,N,EWeP,EWf,0.014212113722284337
EWhPW,WTW,0.02842422744456867,N,EWhP,EWf,0.014212113722284337
EWoPW,WTW,0.02842422744456867,N,EWoP,EWf,0.014212113722284337
EWePW,WVW,0.14455025723275375,N,EWeP,EWf,0.07227512861637687
EWhPW,WVW,0.14455025723275375,N,EWhP,EWf,0.07227512861637687
EWoPW,WVW,0.14455025723275375,N,EWoP,EWf,0.07227512861637687
EWePW,WAAW,0.2586414903135074,N,EWeP,EWf,0.08621383010450248
EWhPW,WAAW,0.2586414903135074,N,EWhP,EWf,0.08621383010450248
EWoPW,WAAW,0.2586414903135074,N,EWoP,EWf,0.08621383010450248
EWePW,WABW,0.04742101567098412,N,EWeP,EWf,0.015807005223661373
EWhPW,WABW,0.04742101567098412,N,EWhP,EWf,0.015807005223661373
EWoPW,WABW,0.04742101567098412,N,EWoP,EWf,0.015807005223661373
EWePW,WAOW,0.03354425716238033,N,EWeP,EWf,0.011181419054126776
EWhPW,WAOW,0.03354425716238033,N,EWhP,EWf,0.011181419054126776
EWoPW,WAOW,0.03354425716238033,N,EWoP,EWf,0.011181419054126776
EWePW,WARW,0.03256219686521657,N,EWeP,EWf,0.010854065621738856
EWhPW,WARW,0.03256219686521657,N,EWhP,EWf,0.010854065621738856
EWoPW,WARW,0.03256219686521657,N,EWoP,EWf,0.010854065621738856
EWePW,WAVW,0.0938801291353133,N,EWeP,EWf,0.031293376378437765
EWhPW,WAVW,0.0938801291353133,N,EWhP,EWf,0.031293376378437765
EWoPW,WAVW,0.0938801291353133,N,EWoP,EWf,0.031293376378437765
EWePW,WAEW,0.0545285575943919,N,EWeP,EWf,0.0181761858647973
EWhPW,WAEW,0.0545285575943919,N,EWhP,EWf,0.0181761858647973
EWoPW,WAEW,0.0545285575943919,N,EWoP,EWf,0.0181761858647973
EWePW,WAFW,0.019543983098400133,N,EWeP,EWf,0.006514661032800044
EWhPW,WAFW,0.019543983098400133,N,EWhP,EWf,0.006514661032800044
EWoPW,WAFW,0.019543983098400133,N,EWoP,EWf,0.006514661032800044
EWePW,WAGW,0.02696249349896156,N,EWeP,EWf,0.008987497832987187
EWhPW,WAGW,0.02696249349896156,N,EWhP,EWf,0.008987497832987187
EWoPW,WAGW,0.02696249349896156,N,EWoP,EWf,0.008987497832987187
EWePW,WAKW,0.08446248232637737,N,EWeP,EWf,0.028154160775459125
EWhPW,WAKW,0.08446248232637737,N,EWhP,EWf,0.028154160775459125
EWoPW,WAKW,0.08446248232637737,N,EWoP,EWf,0.028154160775459125
EWePW,WAMW,0.0204164724636905,N,EWeP,EWf,0.0068054908212301654
EWhPW,WAMW,0.0204164724636905,N,EWhP,EWf,0.0068054908212301654
EWoPW,WAMW,0.0204164724636905,N,EWoP,EWf,0.0068054908212301654
EWePW,WASW,0.03862858097662557,N,EWeP,EWf,0.01287619365887519
EWhPW,WASW,0.03862858097662557,N,EWhP,EWf,0.01287619365887519
EWoPW,WASW,0.03862858097662557,N,EWoP,EWf,0.01287619365887519
EWePW,WATW,0.019119376112329244,N,EWeP,EWf,0.006373125370776415
EWhPW,WATW,0.019119376112329244,N,EWhP,EWf,0.006373125370776415
EWoPW,WATW,0.019119376112329244,N,EWoP,EWf,0.006373125370776415
EWePW,WBBW,0.06806171859991908,N,EWeP,EWf,0.022687239533306355
EWhPW,WBBW,0.06806171859991908,N,EWhP,EWf,0.022687239533306355
EWoPW,WBBW,0.06806171859991908,N,EWoP,EWf,0.022687239533306355
EWePW,WBEW,0.027549380423229755,N,EWeP,EWf,0.009183126807743252
EWhPW,WBEW,0.027549380423229755,N,EWhP,EWf,0.009183126807743252
EWoPW,WBEW,0.027549380423229755,N,EWoP,EWf,0.009183126807743252
EWePW,WBOW,0.014721049726478756,N,EWeP,EWf,0.004907016575492919
EWhPW,WBOW,0.014721049726478756,N,EWhP,EWf,0.004907016575492919
EWoPW,WBOW,0.014721049726478756,N,EWoP,EWf,0.004907016575492919
EWePW,WBVW,0.03378551408499398,N,EWeP,EWf,0.011261838028331328
EWhPW,WBVW,0.03378551408499398,N,EWhP,EWf,0.011261838028331328
EWoPW,WBVW,0.03378551408499398,N,EWoP,EWf,0.011261838028331328
EWePW,WEEW,0.03942182983658332,N,EWeP,EWf,0.013140609945527772
EWhPW,WEEW,0.03942182983658332,N,EWhP,EWf,0.013140609945527772
EWoPW,WEEW,0.03942182983658332,N,EWoP,EWf,0.013140609945527772
EWePW,WEOW,0.004695487519427606,N,EWeP,EWf,0.0015651625064758686
EWhPW,WEOW,0.004695487519427606,N,EWhP,EWf,0.0015651625064758686
EWoPW,WEOW,0.004695487519427606,N,EWoP,EWf,0.0015651625064758686
EWePW,WEVW,0.012035847191231346,N,EWeP,EWf,0.004011949063743782
EWhPW,WEVW,0.012035847191231346,N,EWhP,EWf,0.004011949063743782
EWoPW,WEVW,0.012035847191231346,N,EWoP,EWf,0.004011949063743782
EWePW,WFFW,0.05688615785564698,N,EWeP,EWf,0.01896205261854899
EWhPW,WFFW,0.05688615785564698,N,EWhP,EWf,0.01896205261854899
EWoPW,WFFW,0.05688615785564698,N,EWoP,EWf,0.01896205261854899
EWePW,WFBW,0.06143708428240485,N,EWeP,EWf,0.02047902809413495
EWhPW,WFBW,0.06143708428240485,N,EWhP,EWf,0.02047902809413495
EWoPW,WFBW,0.06143708428240485,N,EWoP,EWf,0.02047902809413495
EWePW,WFEW,0.00880669271267095,N,EWeP,EWf,0.0029355642375569826
EWhPW,WFEW,0.00880669271267095,N,EWhP,EWf,0.0029355642375569826
EWoPW,WFEW,0.00880669271267095,N,EWoP,EWf,0.0029355642375569826
EWePW,WFOW,0.008841932785105748,N,EWeP,EWf,0.0029473109283685824
EWhPW,WFOW,0.008841932785105748,N,EWhP,EWf,0.0029473109283685824
EWoPW,WFOW,0.008841932785105748,N,EWoP,EWf,0.0029473109283685824
EWePW,WFVW,0.033600634485842586,N,EWeP,EWf,0.011200211495280865
EWhPW,WFVW,0.033600634485842586,N,EWhP,EWf,0.011200211495280865
EWoPW,WFVW,0.033600634485842586,N,EWoP,EWf,0.011200211495280865
EWePW,WFRW,0.009350375758400142,N,EWeP,EWf,0.003116791919466714
EWhPW,WFRW,0.009350375758400142,N,EWhP,EWf,0.003116791919466714
EWoPW,WFRW,0.009350375758400142,N,EWoP,EWf,0.003116791919466714
EWePW,WGBW,0.019841064990473268,N,EWeP,EWf,0.0066136883301577565
EWhPW,WGBW,0.019841064990473268,N,EWhP,EWf,0.0066136883301577565
EWoPW,WGBW,0.019841064990473268,N,EWoP,EWf,0.0066136883301577565
EWePW,WKBW,0.01733290853749514,N,EWeP,EWf,0.005777636179165047
EWhPW,WKBW,0.01733290853749514,N,EWhP,EWf,0.005777636179165047
EWoPW,WKBW,0.01733290853749514,N,EWoP,EWf,0.005777636179165047
EWePW,WKEW,0.004361379328128704,N,EWeP,EWf,0.0014537931093762347
EWhPW,WKEW,0.004361379328128704,N,EWhP,EWf,0.0014537931093762347
EWoPW,WKEW,0.004361379328128704,N,EWoP,EWf,0.0014537931093762347
EWePW,WKVW,0.014986514628457076,N,EWeP,EWf,0.00499550487615236
EWhPW,WKVW,0.014986514628457076,N,EWhP,EWf,0.00499550487615236
EWoPW,WKVW,0.014986514628457076,N,EWoP,EWf,0.00499550487615236
EWePW,WKGW,0.039062218847022066,N,EWeP,EWf,0.013020739615674027
EWhPW,WKGW,0.039062218847022066,N,EWhP,EWf,0.013020739615674027
EWoPW,WKGW,0.039062218847022066,N,EWoP,EWf,0.013020739615674027
EWePW,WOOW,0.09133573872081713,N,EWeP,EWf,0.030445246240272374
EWhPW,WOOW,0.09133573872081713,N,EWhP,EWf,0.030445246240272374
EWoPW,WOOW,0.09133573872081713,N,EWoP,EWf,0.030445246240272374
EWePW,WORW,0.018129288705333698,N,EWeP,EWf,0.006043096235111233
EWhPW,WORW,0.018129288705333698,N,EWhP,EWf,0.006043096235111233
EWoPW,WORW,0.018129288705333698,N,EWoP,EWf,0.006043096235111233
EWePW,WRRW,0.03463327650188916,N,EWeP,EWf,0.01154442550062972
EWhPW,WRRW,0.03463327650188916,N,EWhP,EWf,0.01154442550062972
EWoPW,WRRW,0.03463327650188916,N,EWoP,EWf,0.01154442550062972
EWePW,WSBW,0.06537024821737336,N,EWeP,EWf,0.02179008273912445
EWhPW,WSBW,0.06537024821737336,N,EWhP,EWf,0.02179008273912445
EWoPW,WSBW,0.06537024821737336,N,EWoP,EWf,0.02179008273912445
EWePW,WSEW,0.02720328288678804,N,EWeP,EWf,0.00906776096226268
EWhPW,WSEW,0.02720328288678804,N,EWhP,EWf,0.00906776096226268
EWoPW,WSEW,0.02720328288678804,N,EWoP,EWf,0.00906776096226268
EWePW,WSVW,0.05276563771613839,N,EWeP,EWf,0.017588545905379463
EWhPW,WSVW,0.05276563771613839,N,EWhP,EWf,0.017588545905379463
EWoPW,WSVW,0.05276563771613839,N,EWoP,EWf,0.017588545905379463
EWePW,WSSW,0.036614809941615985,N,EWeP,EWf,0.012204936647205329
EWhPW,WSSW,0.036614809941615985,N,EWhP,EWf,0.012204936647205329
EWoPW,WSSW,0.036614809941615985,N,EWoP,EWf,0.012204936647205329
EWePW,WVVW,0.082918211732099,N,EWeP,EWf,0.02763940391069966
EWhPW,WVVW,0.082918211732099,N,EWhP,EWf,0.02763940391069966
EWoPW,WVVW,0.082918211732099,N,EWoP,EWf,0.02763940391069966
EWePW,WVOW,0.07767442584343534,N,EWeP,EWf,0.025891475281145108
EWhPW,WVOW,0.07767442584343534,N,EWhP,EWf,0.025891475281145108
EWoPW,WVOW,0.07767442584343534,N,EWoP,EWf,0.025891475281145108
EWePW,WVRW,0.007804104497808448,N,EWeP,EWf,0.0026013681659361487
EWhPW,WVRW,0.007804104497808448,N,EWhP,EWf,0.0026013681659361487
EWoPW,WVRW,0.007804104497808448,N,EWoP,EWf,0.0026013681659361487
EWePW,WBAW,0.017717742118829233,N,EWeP,EWf,0.005905914039609743
EWhPW,WBAW,0.017717742118829233,N,EWhP,EWf,0.005905914039609743
EWoPW,WBAW,0.017717742118829233,N,EWoP,EWf,0.005905914039609743
EWePW,WOAW,0.02117720639778334,N,EWeP,EWf,0.007059068799261114
EWhPW,WOAW,0.02117720639778334,N,EWhP,EWf,0.007059068799261114
EWoPW,WOAW,0.02117720639778334,N,EWoP,EWf,0.007059068799261114
EWePW,WRAW,0.028415699886125318,N,EWeP,EWf,0.009471899962041772
EWhPW,WRAW,0.028415699886125318,N,EWhP,EWf,0.009471899962041772
EWoPW,WRAW,0.028415699886125318,N,EWoP,EWf,0.009471899962041772
EWePW,WVAW,0.032302840132580904,N,EWeP,EWf,0.010767613377526969
EWhPW,WVAW,0.032302840132580904,N,EWhP,EWf,0.010767613377526969
EWoPW,WVAW,0.032302840132580904,N,EWoP,EWf,0.010767613377526969
EWePW,WEAW,0.029750511330479658,N,EWeP,EWf,0.009916837110159886
EWhPW,WEAW,0.029750511330479658,N,EWhP,EWf,0.009916837110159886
EWoPW,WEAW,0.029750511330479658,N,EWoP,EWf,0.009916837110159886
EWePW,WFAW,0.017896597549875982,N,EWeP,EWf,0.0059655325166253275
EWhPW,WFAW,0.017896597549875982,N,EWhP,EWf,0.0059655325166253275
EWoPW,WFAW,0.017896597549875982,N,EWoP,EWf,0.0059655325166253275
EWePW,WGAW,0.040953107254090224,N,EWeP,EWf,0.013651035751363408
EWhPW,WGAW,0.040953107254090224,N,EWhP,EWf,0.013651035751363408
EWoPW,WGAW,0.040953107254090224,N,EWoP,EWf,0.013651035751363408
EWePW,WKAW,0.12775480995095273,N,EWeP,EWf,0.04258493665031758
EWhPW,WKAW,0.12775480995095273,N,EWhP,EWf,0.04258493665031758
EWoPW,WKAW,0.12775480995095273,N,EWoP,EWf,0.04258493665031758
EWePW,WMAW,0.031401985565980825,N,EWeP,EWf,0.01046732852199361
EWhPW,WMAW,0.031401985565980825,N,EWhP,EWf,0.01046732852199361
EWoPW,WMAW,0.031401985565980825,N,EWoP,EWf,0.01046732852199361
EWePW,WEBW,0.02543019731375054,N,EWeP,EWf,0.008476732437916848
EWhPW,WEBW,0.02543019731375054,N,EWhP,EWf,0.008476732437916848
EWoPW,WEBW,0.02543019731375054,N,EWoP,EWf,0.008476732437916848
EWePW,WOBW,0.021359954505086827,N,EWeP,EWf,0.007119984835028942
EWhPW,WOBW,0.021359954505086827,N,EWhP,EWf,0.007119984835028942
EWoPW,WOBW,0.021359954505086827,N,EWoP,EWf,0.007119984835028942
EWePW,WSBW,0.0317272543084741,N,EWeP,EWf,0.010575751436158031
EWhPW,WSBW,0.0317272543084741,N,EWhP,EWf,0.010575751436158031
EWoPW,WSBW,0.0317272543084741,N,EWoP,EWf,0.010575751436158031
EWePW,WVBW,0.03446804972307467,N,EWeP,EWf,0.011489349907691557
EWhPW,WVBW,0.03446804972307467,N,EWhP,EWf,0.011489349907691557
EWoPW,WVBW,0.03446804972307467,N,EWoP,EWf,0.011489349907691557
EWePW,WOEW,0.013294886118226056,N,EWeP,EWf,0.004431628706075353
EWhPW,WOEW,0.013294886118226056,N,EWhP,EWf,0.004431628706075353
EWoPW,WOEW,0.013294886118226056,N,EWoP,EWf,0.004431628706075353
EWePW,WVEW,0.0071295145782453205,N,EWeP,EWf,0.0023765048594151066
EWhPW,WVEW,0.0071295145782453205,N,EWhP,EWf,0.0023765048594151066
EWoPW,WVEW,0.0071295145782453205,N,EWoP,EWf,0.0023765048594151066
EWePW,WEFW,0.024678830909652054,N,EWeP,EWf,0.008226276969884018
EWhPW,WEFW,0.024678830909652054,N,EWhP,EWf,0.008226276969884018
EWoPW,WEFW,0.024678830909652054,N,EWoP,EWf,0.008226276969884018
EWePW,WOFW,0.01958871925703492,N,EWeP,EWf,0.006529573085678307
EWhPW,WOFW,0.01958871925703492,N,EWhP,EWf,0.006529573085678307
EWoPW,WOFW,0.01958871925703492,N,EWoP,EWf,0.006529573085678307
EWePW,WVFW,0.02683216135200379,N,EWeP,EWf,0.008944053784001264
EWhPW,WVFW,0.02683216135200379,N,EWhP,EWf,0.008944053784001264
EWoPW,WVFW,0.02683216135200379,N,EWoP,EWf,0.008944053784001264
EWePW,WRFW,0.010376155377465135,N,EWeP,EWf,0.003458718459155045
EWhPW,WRFW,0.010376155377465135,N,EWhP,EWf,0.003458718459155045
EWoPW,WRFW,0.010376155377465135,N,EWoP,EWf,0.003458718459155045
EWePW,WSFW,0.023344947067258776,N,EWeP,EWf,0.007781649022419592
EWhPW,WSFW,0.023344947067258776,N,EWhP,EWf,0.007781649022419592
EWoPW,WSFW,0.023344947067258776,N,EWoP,EWf,0.007781649022419592
EWePW,WKGW,0.024957177446084583,N,EWeP,EWf,0.008319059148694862
EWhPW,WKGW,0.024957177446084583,N,EWhP,EWf,0.008319059148694862
EWoPW,WKGW,0.024957177446084583,N,EWoP,EWf,0.008319059148694862
EWePW,WEKW,0.004074557476762406,N,EWeP,EWf,0.0013581858255874686
EWhPW,WEKW,0.004074557476762406,N,EWhP,EWf,0.0013581858255874686
EWoPW,WEKW,0.004074557476762406,N,EWoP,EWf,0.0013581858255874686
EWePW,WVOW,0.04798485846915687,N,EWeP,EWf,0.01599495282305229
EWhPW,WVOW,0.04798485846915687,N,EWhP,EWf,0.01599495282305229
EWoPW,WVOW,0.04798485846915687,N,EWoP,EWf,0.01599495282305229
EWePW,WROW,0.010197724896750205,N,EWeP,EWf,0.003399241632250068
EWhPW,WROW,0.010197724896750205,N,EWhP,EWf,0.003399241632250068
EWoPW,WROW,0.010197724896750205,N,EWoP,EWf,0.003399241632250068
EWePW,WESW,0.01813552192452536,N,EWeP,EWf,0.006045173974841786
EWhPW,WESW,0.01813552192452536,N,EWhP,EWf,0.006045173974841786
EWoPW,WESW,0.01813552192452536,N,EWoP,EWf,0.006045173974841786
EWePW,WVSW,0.01961520963110219,N,EWeP,EWf,0.006538403210367396
EWhPW,WVSW,0.01961520963110219,N,EWhP,EWf,0.006538403210367396
EWoPW,WVSW,0.01961520963110219,N,EWoP,EWf,0.006538403210367396
EWePW,WRVW,0.0073494964688098985,N,EWeP,EWf,0.002449832156269966
EWhPW,WRVW,0.0073494964688098985,N,EWhP,EWf,0.002449832156269966
EWoPW,WRVW,0.0073494964688098985,N,EWoP,EWf,0.002449832156269966
RJePW,WAW,0.06108297121058176,N,RJeP,RJf,0.03054148560529088
RJhPW,WAW,0.06108297121058176,N,RJhP,RJf,0.03054148560529088
RJoPW,WAW,0.06108297121058176,N,RJoP,RJf,0.03054148560529088
RJePW,WBW,0.2820572457262261,N,RJeP,RJf,0.14102862286311305
RJhPW,WBW,0.2820572457262261,N,RJhP,RJf,0.14102862286311305
RJoPW,WBW,0.2820572457262261,N,RJoP,RJf,0.14102862286311305
RJePW,WEW,0.1559032919189031,N,RJeP,RJf,0.07795164595945155
RJhPW,WEW,0.1559032919189031,N,RJhP,RJf,0.07795164595945155
RJoPW,WEW,0.1559032919189031,N,RJoP,RJf,0.07795164595945155
RJePW,WFW,0.26123332787920484,N,RJeP,RJf,0.13061666393960242
RJhPW,WFW,0.26123332787920484,N,RJhP,RJf,0.13061666393960242
RJoPW,WFW,0.26123332787920484,N,RJoP,RJf,0.13061666393960242
RJePW,WOW,0.2883187052463171,N,RJeP,RJf,0.14415935262315854
RJhPW,WOW,0.2883187052463171,N,RJhP,RJf,0.14415935262315854
RJoPW,WOW,0.2883187052463171,N,RJoP,RJf,0.14415935262315854
RJePW,WRW,0.029291078715411964,N,RJeP,RJf,0.014645539357705982
RJhPW,WRW,0.029291078715411964,N,RJhP,RJf,0.014645539357705982
RJoPW,WRW,0.029291078715411964,N,RJoP,RJf,0.014645539357705982
RJePW,WSW,0.08814225748711685,N,RJeP,RJf,0.04407112874355842
RJhPW,WSW,0.08814225748711685,N,RJhP,RJf,0.04407112874355842
RJoPW,WSW,0.08814225748711685,N,RJoP,RJf,0.04407112874355842
RJePW,WTW,0.03828962489311152,N,RJeP,RJf,0.01914481244655576
RJhPW,WTW,0.03828962489311152,N,RJhP,RJf,0.01914481244655576
RJoPW,WTW,0.03828962489311152,N,RJoP,RJf,0.01914481244655576
RJePW,WVW,0.36803507297157056,N,RJeP,RJf,0.18401753648578528
RJhPW,WVW,0.36803507297157056,N,RJhP,RJf,0.18401753648578528
RJoPW,WVW,0.36803507297157056,N,RJoP,RJf,0.18401753648578528
RJePW,WBBW,0.2231232420300995,N,RJeP,RJf,0.07437441401003317
RJhPW,WBBW,0.2231232420300995,N,RJhP,RJf,0.07437441401003317
RJoPW,WBBW,0.2231232420300995,N,RJoP,RJf,0.07437441401003317
RJePW,WBVW,0.02333548719092831,N,RJeP,RJf,0.007778495730309438
RJhPW,WBVW,0.02333548719092831,N,RJhP,RJf,0.007778495730309438
RJoPW,WBVW,0.02333548719092831,N,RJoP,RJf,0.007778495730309438
RJePW,WEEW,0.133552197664883,N,RJeP,RJf,0.04451739922162767
RJhPW,WEEW,0.133552197664883,N,RJhP,RJf,0.04451739922162767
RJoPW,WEEW,0.133552197664883,N,RJoP,RJf,0.04451739922162767
RJePW,WEOW,0.011658907269061837,N,RJeP,RJf,0.0038863024230206132
RJhPW,WEOW,0.011658907269061837,N,RJhP,RJf,0.0038863024230206132
RJoPW,WEOW,0.011658907269061837,N,RJoP,RJf,0.0038863024230206132
RJePW,WEVW,0.04966160769230249,N,RJeP,RJf,0.016553869230767498
RJhPW,WEVW,0.04966160769230249,N,RJhP,RJf,0.016553869230767498
RJoPW,WEVW,0.04966160769230249,N,RJoP,RJf,0.016553869230767498
RJePW,WFFW,0.13366530932419424,N,RJeP,RJf,0.04455510310806475
RJhPW,WFFW,0.13366530932419424,N,RJhP,RJf,0.04455510310806475
RJoPW,WFFW,0.13366530932419424,N,RJoP,RJf,0.04455510310806475
RJePW,WFBW,0.1283894562000504,N,RJeP,RJf,0.0427964854000168
RJhPW,WFBW,0.1283894562000504,N,RJhP,RJf,0.0427964854000168
RJoPW,WFBW,0.1283894562000504,N,RJoP,RJf,0.0427964854000168
RJePW,WOOW,0.1668062512754135,N,RJeP,RJf,0.05560208375847117
RJhPW,WOOW,0.1668062512754135,N,RJhP,RJf,0.05560208375847117
RJoPW,WOOW,0.1668062512754135,N,RJoP,RJf,0.05560208375847117
RJePW,WORW,0.08250935222942644,N,RJeP,RJf,0.027503117409808816
RJhPW,WORW,0.08250935222942644,N,RJhP,RJf,0.027503117409808816
RJoPW,WORW,0.08250935222942644,N,RJoP,RJf,0.027503117409808816
RJePW,WSBW,0.08439182829927584,N,RJeP,RJf,0.02813060943309195
RJhPW,WSBW,0.08439182829927584,N,RJhP,RJf,0.02813060943309195
RJoPW,WSBW,0.08439182829927584,N,RJoP,RJf,0.02813060943309195
RJePW,WVVW,0.2489316115826856,N,RJeP,RJf,0.0829772038608952
RJhPW,WVVW,0.2489316115826856,N,RJhP,RJf,0.0829772038608952
RJoPW,WVVW,0.2489316115826856,N,RJoP,RJf,0.0829772038608952
RJePW,WVOW,0.1403269943373292,N,RJeP,RJf,0.04677566477910973
RJhPW,WVOW,0.1403269943373292,N,RJhP,RJf,0.04677566477910973
RJoPW,WVOW,0.1403269943373292,N,RJoP,RJf,0.04677566477910973
RJePW,WVBW,0.023806911174583428,N,RJeP,RJf,0.007935637058194476
RJhPW,WVBW,0.023806911174583428,N,RJhP,RJf,0.007935637058194476
RJoPW,WVBW,0.023806911174583428,N,RJoP,RJf,0.007935637058194476
RJePW,WFBW,0.05644930089741122,N,RJeP,RJf,0.01881643363247041
RJhPW,WFBW,0.05644930089741122,N,RJhP,RJf,0.01881643363247041
RJoPW,WFBW,0.05644930089741122,N,RJoP,RJf,0.01881643363247041
RJePW,WOEW,0.03301123552427854,N,RJeP,RJf,0.011003745174759513
RJhPW,WOEW,0.03301123552427854,N,RJhP,RJf,0.011003745174759513
RJoPW,WOEW,0.03301123552427854,N,RJoP,RJf,0.011003745174759513
RJePW,WVEW,0.02941738544830657,N,RJeP,RJf,0.009805795149435524
RJhPW,WVEW,0.02941738544830657,N,RJhP,RJf,0.009805795149435524
RJoPW,WVEW,0.02941738544830657,N,RJoP,RJf,0.009805795149435524
RJePW,WVOW,0.14562728301088865,N,RJeP,RJf,0.04854242767029621
RJhPW,WVOW,0.14562728301088865,N,RJhP,RJf,0.04854242767029621
RJoPW,WVOW,0.14562728301088865,N,RJoP,RJf,0.04854242767029621
RJePW,WROW,0.04641151062905237,N,RJeP,RJf,0.015470503543017456
RJhPW,WROW,0.04641151062905237,N,RJhP,RJf,0.015470503543017456
RJoPW,WROW,0.04641151062905237,N,RJoP,RJf,0.015470503543017456
KIePM,WBW,0.1917439609239906,N,KIeP,KI,0.0958719804619953
KIePW,WBW,0.1917439609239906,N,KIeP,KI,0.0958719804619953
KIhPM,WBW,0.1917439609239906,N,KIhP,KI,0.0958719804619953
KIhPW,WBW,0.1917439609239906,N,KIhP,KI,0.0958719804619953
KIoPM,WBW,0.1917439609239906,N,KIoP,KI,0.0958719804619953
KIoPW,WBW,0.1917439609239906,N,KIoP,KI,0.0958719804619953
KIePM,WFW,0.1278449710299966,N,KIeP,KI,0.0639224855149983
KIePW,WFW,0.1278449710299966,N,KIeP,KI,0.0639224855149983
KIhPM,WFW,0.1278449710299966,N,KIhP,KI,0.0639224855149983
KIhPW,WFW,0.1278449710299966,N,KIhP,KI,0.0639224855149983
KIoPM,WFW,0.1278449710299966,N,KIoP,KI,0.0639224855149983
KIoPW,WFW,0.1278449710299966,N,KIoP,KI,0.0639224855149983
KIePM,WGW,0.09921052710843603,N,KIeP,KI,0.049605263554218015
KIePW,WGW,0.09921052710843603,N,KIeP,KI,0.049605263554218015
KIhPM,WGW,0.09921052710843603,N,KIhP,KI,0.049605263554218015
KIhPW,WGW,0.09921052710843603,N,KIhP,KI,0.049605263554218015
KIoPM,WGW,0.09921052710843603,N,KIoP,KI,0.049605263554218015
KIoPW,WGW,0.09921052710843603,N,KIoP,KI,0.049605263554218015
KIePM,WKW,0.7993243304881479,N,KIeP,KI,0.3996621652440739
KIePW,WKW,0.7993243304881479,N,KIeP,KI,0.3996621652440739
KIhPM,WKW,0.7993243304881479,N,KIhP,KI,0.3996621652440739
KIhPW,WKW,0.7993243304881479,N,KIhP,KI,0.3996621652440739
KIoPM,WKW,0.7993243304881479,N,KIoP,KI,0.3996621652440739
KIoPW,WKW,0.7993243304881479,N,KIoP,KI,0.3996621652440739
KIePM,WOW,0.07926093047697179,N,KIeP,KI,0.03963046523848589
KIePW,WOW,0.07926093047697179,N,KIeP,KI,0.03963046523848589
KIhPM,WOW,0.07926093047697179,N,KIhP,KI,0.03963046523848589
KIhPW,WOW,0.07926093047697179,N,KIhP,KI,0.03963046523848589
KIoPM,WOW,0.07926093047697179,N,KIoP,KI,0.03963046523848589
KIoPW,WOW,0.07926093047697179,N,KIoP,KI,0.03963046523848589
KIePM,WSW,0.17363385932971875,N,KIeP,KI,0.08681692966485938
KIePW,WSW,0.17363385932971875,N,KIeP,KI,0.08681692966485938
KIhPM,WSW,0.17363385932971875,N,KIhP,KI,0.08681692966485938
KIhPW,WSW,0.17363385932971875,N,KIhP,KI,0.08681692966485938
KIoPM,WSW,0.17363385932971875,N,KIoP,KI,0.08681692966485938
KIoPW,WSW,0.17363385932971875,N,KIoP,KI,0.08681692966485938
KIePM,WVW,0.088765713025209,N,KIeP,KI,0.0443828565126045
KIePW,WVW,0.088765713025209,N,KIeP,KI,0.0443828565126045
KIhPM,WVW,0.088765713025209,N,KIhP,KI,0.0443828565126045
KIhPW,WVW,0.088765713025209,N,KIhP,KI,0.0443828565126045
KIoPM,WVW,0.088765713025209,N,KIoP,KI,0.0443828565126045
KIoPW,WVW,0.088765713025209,N,KIoP,KI,0.0443828565126045
KIePM,WBBW,0.07831141461542747,N,KIeP,KI,0.02610380487180916
KIePW,WBBW,0.07831141461542747,N,KIeP,KI,0.02610380487180916
KIhPM,WBBW,0.07831141461542747,N,KIhP,KI,0.02610380487180916
KIhPW,WBBW,0.07831141461542747,N,KIhP,KI,0.02610380487180916
KIoPM,WBBW,0.07831141461542747,N,KIoP,KI,0.02610380487180916
KIoPW,WBBW,0.07831141461542747,N,KIoP,KI,0.02610380487180916
KIePM,WFFW,0.06248912434778073,N,KIeP,KI,0.02082970811592691
KIePW,WFFW,0.06248912434778073,N,KIeP,KI,0.02082970811592691
KIhPM,WFFW,0.06248912434778073,N,KIhP,KI,0.02082970811592691
KIhPW,WFFW,0.06248912434778073,N,KIhP,KI,0.02082970811592691
KIoPM,WFFW,0.06248912434778073,N,KIoP,KI,0.02082970811592691
KIoPW,WFFW,0.06248912434778073,N,KIoP,KI,0.02082970811592691
KIePM,WKBW,0.2864014224811178,N,KIeP,KI,0.09546714082703923
KIePW,WKBW,0.2864014224811178,N,KIeP,KI,0.09546714082703923
KIhPM,WKBW,0.2864014224811178,N,KIhP,KI,0.09546714082703923
KIhPW,WKBW,0.2864014224811178,N,KIhP,KI,0.09546714082703923
KIoPM,WKBW,0.2864014224811178,N,KIoP,KI,0.09546714082703923
KIoPW,WKBW,0.2864014224811178,N,KIoP,KI,0.09546714082703923
KIePM,WKEW,0.08082369202064311,N,KIeP,KI,0.026941230673547704
KIePW,WKEW,0.08082369202064311,N,KIeP,KI,0.026941230673547704
KIhPM,WKEW,0.08082369202064311,N,KIhP,KI,0.026941230673547704
KIhPW,WKEW,0.08082369202064311,N,KIhP,KI,0.026941230673547704
KIoPM,WKEW,0.08082369202064311,N,KIoP,KI,0.026941230673547704
KIoPW,WKEW,0.08082369202064311,N,KIoP,KI,0.026941230673547704
KIePM,WKFW,0.060539555206869884,N,KIeP,KI,0.020179851735623297
KIePW,WKFW,0.060539555206869884,N,KIeP,KI,0.020179851735623297
KIhPM,WKFW,0.060539555206869884,N,KIhP,KI,0.020179851735623297
KIhPW,WKFW,0.060539555206869884,N,KIhP,KI,0.020179851735623297
KIoPM,WKFW,0.060539555206869884,N,KIoP,KI,0.020179851735623297
KIoPW,WKFW,0.060539555206869884,N,KIoP,KI,0.020179851735623297
KIePM,WKKW,0.23326515865294184,N,KIeP,KI,0.07775505288431395
KIePW,WKKW,0.23326515865294184,N,KIeP,KI,0.07775505288431395
KIhPM,WKKW,0.23326515865294184,N,KIhP,KI,0.07775505288431395
KIhPW,WKKW,0.23326515865294184,N,KIhP,KI,0.07775505288431395
KIoPM,WKKW,0.23326515865294184,N,KIoP,KI,0.07775505288431395
KIoPW,WKKW,0.23326515865294184,N,KIoP,KI,0.07775505288431395
KIePM,WKOW,0.047072887698966746,N,KIeP,KI,0.01569096256632225
KIePW,WKOW,0.047072887698966746,N,KIeP,KI,0.01569096256632225
KIhPM,WKOW,0.047072887698966746,N,KIhP,KI,0.01569096256632225
KIhPW,WKOW,0.047072887698966746,N,KIhP,KI,0.01569096256632225
KIoPM,WKOW,0.047072887698966746,N,KIoP,KI,0.01569096256632225
KIoPW,WKOW,0.047072887698966746,N,KIoP,KI,0.01569096256632225
KIePM,WKSW,0.14593559675494922,N,KIeP,KI,0.04864519891831641
KIePW,WKSW,0.14593559675494922,N,KIeP,KI,0.04864519891831641
KIhPM,WKSW,0.14593559675494922,N,KIhP,KI,0.04864519891831641
KIhPW,WKSW,0.14593559675494922,N,KIhP,KI,0.04864519891831641
KIoPM,WKSW,0.14593559675494922,N,KIoP,KI,0.04864519891831641
KIoPW,WKSW,0.14593559675494922,N,KIoP,KI,0.04864519891831641
KIePM,WKVW,0.18001931865838544,N,KIeP,KI,0.06000643955279515
KIePW,WKVW,0.18001931865838544,N,KIeP,KI,0.06000643955279515
KIhPM,WKVW,0.18001931865838544,N,KIhP,KI,0.06000643955279515
KIhPW,WKVW,0.18001931865838544,N,KIhP,KI,0.06000643955279515
KIoPM,WKVW,0.18001931865838544,N,KIoP,KI,0.06000643955279515
KIoPW,WKVW,0.18001931865838544,N,KIoP,KI,0.06000643955279515
KIePM,WOOW,0.07546100617522455,N,KIeP,KI,0.02515366872507485
KIePW,WOOW,0.07546100617522455,N,KIeP,KI,0.02515366872507485
KIhPM,WOOW,0.07546100617522455,N,KIhP,KI,0.02515366872507485
KIhPW,WOOW,0.07546100617522455,N,KIhP,KI,0.02515366872507485
KIoPM,WOOW,0.07546100617522455,N,KIoP,KI,0.02515366872507485
KIoPW,WOOW,0.07546100617522455,N,KIoP,KI,0.02515366872507485
KIePM,WVVW,0.060272398921037126,N,KIeP,KI,0.020090799640345703
KIePW,WVVW,0.060272398921037126,N,KIeP,KI,0.020090799640345703
KIhPM,WVVW,0.060272398921037126,N,KIhP,KI,0.020090799640345703
KIhPW,WVVW,0.060272398921037126,N,KIhP,KI,0.020090799640345703
KIoPM,WVVW,0.060272398921037126,N,KIoP,KI,0.020090799640345703
KIoPW,WVVW,0.060272398921037126,N,KIoP,KI,0.020090799640345703
KIePM,WKGW,0.07615871608788735,N,KIeP,KI,0.02538623869596245
KIePW,WKGW,0.07615871608788735,N,KIeP,KI,0.02538623869596245
KIhPM,WKGW,0.07615871608788735,N,KIhP,KI,0.02538623869596245
KIhPW,WKGW,0.07615871608788735,N,KIhP,KI,0.02538623869596245
KIoPM,WKGW,0.07615871608788735,N,KIoP,KI,0.02538623869596245
KIoPW,WKGW,0.07615871608788735,N,KIoP,KI,0.02538623869596245
KIePM,WEKW,0.07550840086261243,N,KIeP,KI,0.025169466954204137
KIePW,WEKW,0.07550840086261243,N,KIeP,KI,0.025169466954204137
KIhPM,WEKW,0.07550840086261243,N,KIhP,KI,0.025169466954204137
KIhPW,WEKW,0.07550840086261243,N,KIhP,KI,0.025169466954204137
KIoPM,WEKW,0.07550840086261243,N,KIoP,KI,0.025169466954204137
KIoPW,WEKW,0.07550840086261243,N,KIoP,KI,0.025169466954204137
KIePM,WFKW,0.020179851735623297,N,KIeP,KI,0.0067266172452077645
KIePW,WFKW,0.020179851735623297,N,KIeP,KI,0.0067266172452077645
KIhPM,WFKW,0.020179851735623297,N,KIhP,KI,0.0067266172452077645
KIhPW,WFKW,0.020179851735623297,N,KIhP,KI,0.0067266172452077645
KIoPM,WFKW,0.020179851735623297,N,KIoP,KI,0.0067266172452077645
KIoPW,WFKW,0.020179851735623297,N,KIoP,KI,0.0067266172452077645
KIePM,WOKW,0.01714660438693605,N,KIeP,KI,0.00571553479564535
KIePW,WOKW,0.01714660438693605,N,KIeP,KI,0.00571553479564535
KIhPM,WOKW,0.01714660438693605,N,KIhP,KI,0.00571553479564535
KIhPW,WOKW,0.01714660438693605,N,KIhP,KI,0.00571553479564535
KIoPM,WOKW,0.01714660438693605,N,KIoP,KI,0.00571553479564535
KIoPW,WOKW,0.01714660438693605,N,KIoP,KI,0.00571553479564535
KIePM,WVOW,0.05137266829080076,N,KIeP,KI,0.01712422276360025
KIePW,WVOW,0.05137266829080076,N,KIeP,KI,0.01712422276360025
KIhPM,WVOW,0.05137266829080076,N,KIhP,KI,0.01712422276360025
KIhPW,WVOW,0.05137266829080076,N,KIhP,KI,0.01712422276360025
KIoPM,WVOW,0.05137266829080076,N,KIoP,KI,0.01712422276360025
KIoPW,WVOW,0.05137266829080076,N,KIoP,KI,0.01712422276360025
GSePM,WBW,0.3558142117381435,N,GSeP,GS,0.17790710586907174
GSePW,WBW,0.3558142117381435,N,GSeP,GS,0.17790710586907174
GShPM,WBW,0.3558142117381435,N,GShP,GS,0.17790710586907174
GShPW,WBW,0.3558142117381435,N,GShP,GS,0.17790710586907174
GSoPM,WBW,0.3558142117381435,N,GSoP,GS,0.17790710586907174
GSoPW,WBW,0.3558142117381435,N,GSoP,GS,0.17790710586907174
GSePM,WFW,0.13253035558345766,N,GSeP,GS,0.06626517779172883
GSePW,WFW,0.13253035558345766,N,GSeP,GS,0.06626517779172883
GShPM,WFW,0.13253035558345766,N,GShP,GS,0.06626517779172883
GShPW,WFW,0.13253035558345766,N,GShP,GS,0.06626517779172883
GSoPM,WFW,0.13253035558345766,N,GSoP,GS,0.06626517779172883
GSoPW,WFW,0.13253035558345766,N,GSoP,GS,0.06626517779172883
GSePM,WGW,1.2957780487167272,N,GSeP,GS,0.6478890243583636
GSePW,WGW,1.2957780487167272,N,GSeP,GS,0.6478890243583636
GShPM,WGW,1.2957780487167272,N,GShP,GS,0.6478890243583636
GShPW,WGW,1.2957780487167272,N,GShP,GS,0.6478890243583636
GSoPM,WGW,1.2957780487167272,N,GSoP,GS,0.6478890243583636
GSoPW,WGW,1.2957780487167272,N,GSoP,GS,0.6478890243583636
GSePM,WMW,0.04477987161766951,N,GSeP,GS,0.022389935808834752
GSePW,WMW,0.04477987161766951,N,GSeP,GS,0.022389935808834752
GShPM,WMW,0.04477987161766951,N,GShP,GS,0.022389935808834752
GShPW,WMW,0.04477987161766951,N,GShP,GS,0.022389935808834752
GSoPM,WMW,0.04477987161766951,N,GSoP,GS,0.022389935808834752
GSoPW,WMW,0.04477987161766951,N,GSoP,GS,0.022389935808834752
GSePM,WOW,0.13077145813484425,N,GSeP,GS,0.06538572906742211
GSePW,WOW,0.13077145813484425,N,GSeP,GS,0.06538572906742211
GShPM,WOW,0.13077145813484425,N,GShP,GS,0.06538572906742211
GShPW,WOW,0.13077145813484425,N,GShP,GS,0.06538572906742211
GSoPM,WOW,0.13077145813484425,N,GSoP,GS,0.06538572906742211
GSoPW,WOW,0.13077145813484425,N,GSoP,GS,0.06538572906742211
GSePM,WSW,0.28858018538850433,N,GSeP,GS,0.14429009269425214
GSePW,WSW,0.28858018538850433,N,GSeP,GS,0.14429009269425214
GShPM,WSW,0.28858018538850433,N,GShP,GS,0.14429009269425214
GShPW,WSW,0.28858018538850433,N,GShP,GS,0.14429009269425214
GSoPM,WSW,0.28858018538850433,N,GSoP,GS,0.14429009269425214
GSoPW,WSW,0.28858018538850433,N,GSoP,GS,0.14429009269425214
GSePM,WBBW,0.07732291749032083,N,GSeP,GS,0.025774305830106942
GSePW,WBBW,0.07732291749032083,N,GSeP,GS,0.025774305830106942
GShPM,WBBW,0.07732291749032083,N,GShP,GS,0.025774305830106942
GShPW,WBBW,0.07732291749032083,N,GShP,GS,0.025774305830106942
GSoPM,WBBW,0.07732291749032083,N,GSoP,GS,0.025774305830106942
GSoPW,WBBW,0.07732291749032083,N,GSoP,GS,0.025774305830106942
GSePM,WGBW,0.3118463623138701,N,GSeP,GS,0.1039487874379567
GSePW,WGBW,0.3118463623138701,N,GSeP,GS,0.1039487874379567
GShPM,WGBW,0.3118463623138701,N,GShP,GS,0.1039487874379567
GShPW,WGBW,0.3118463623138701,N,GShP,GS,0.1039487874379567
GSoPM,WGBW,0.3118463623138701,N,GSoP,GS,0.1039487874379567
GSoPW,WGBW,0.3118463623138701,N,GSoP,GS,0.1039487874379567
GSePM,WGGW,0.2074457579210205,N,GSeP,GS,0.0691485859736735
GSePW,WGGW,0.2074457579210205,N,GSeP,GS,0.0691485859736735
GShPM,WGGW,0.2074457579210205,N,GShP,GS,0.0691485859736735
GShPW,WGGW,0.2074457579210205,N,GShP,GS,0.0691485859736735
GSoPM,WGGW,0.2074457579210205,N,GSoP,GS,0.0691485859736735
GSoPW,WGGW,0.2074457579210205,N,GSoP,GS,0.0691485859736735
GSePM,WGVW,0.2050269881286005,N,GSeP,GS,0.06834232937620018
GSePW,WGVW,0.2050269881286005,N,GSeP,GS,0.06834232937620018
GShPM,WGVW,0.2050269881286005,N,GShP,GS,0.06834232937620018
GShPW,WGVW,0.2050269881286005,N,GShP,GS,0.06834232937620018
GSoPM,WGVW,0.2050269881286005,N,GSoP,GS,0.06834232937620018
GSoPW,WGVW,0.2050269881286005,N,GSoP,GS,0.06834232937620018
GSePM,WSBW,0.08732574286901333,N,GSeP,GS,0.029108580956337775
GSePW,WSBW,0.08732574286901333,N,GSeP,GS,0.029108580956337775
GShPM,WSBW,0.08732574286901333,N,GShP,GS,0.029108580956337775
GShPW,WSBW,0.08732574286901333,N,GShP,GS,0.029108580956337775
GSoPM,WSBW,0.08732574286901333,N,GSoP,GS,0.029108580956337775
GSoPW,WSBW,0.08732574286901333,N,GSoP,GS,0.029108580956337775
GSePM,WKGW,0.20760168143836324,N,GSeP,GS,0.06920056047945441
GSePW,WKGW,0.20760168143836324,N,GSeP,GS,0.06920056047945441
GShPM,WKGW,0.20760168143836324,N,GShP,GS,0.06920056047945441
GShPW,WKGW,0.20760168143836324,N,GShP,GS,0.06920056047945441
GSoPM,WKGW,0.20760168143836324,N,GSoP,GS,0.06920056047945441
GSoPW,WKGW,0.20760168143836324,N,GSoP,GS,0.06920056047945441
MSePM,WBW,0.21652000522223847,N,MSeP,MS,0.10826000261111926
MSePW,WBW,0.21652000522223847,N,MSeP,MS,0.10826000261111926
MShPM,WBW,0.21652000522223847,N,MShP,MS,0.10826000261111926
MShPW,WBW,0.21652000522223847,N,MShP,MS,0.10826000261111926
MSoPM,WBW,0.21652000522223847,N,MSoP,MS,0.10826000261111926
MSoPW,WBW,0.21652000522223847,N,MSoP,MS,0.10826000261111926
MSePM,WEW,0.0618826186968998,N,MSeP,MS,0.030941309348449894
MSePW,WEW,0.0618826186968998,N,MSeP,MS,0.030941309348449894
MShPM,WEW,0.0618826186968998,N,MShP,MS,0.030941309348449894
MShPW,WEW,0.0618826186968998,N,MShP,MS,0.030941309348449894
MSoPM,WEW,0.0618826186968998,N,MSoP,MS,0.030941309348449894
MSoPW,WEW,0.0618826186968998,N,MSoP,MS,0.030941309348449894
MSePM,WFW,0.1125659841143004,N,MSeP,MS,0.0562829920571502
MSePW,WFW,0.1125659841143004,N,MSeP,MS,0.0562829920571502
MShPM,WFW,0.1125659841143004,N,MShP,MS,0.0562829920571502
MShPW,WFW,0.1125659841143004,N,MShP,MS,0.0562829920571502
MSoPM,WFW,0.1125659841143004,N,MSoP,MS,0.0562829920571502
MSoPW,WFW,0.1125659841143004,N,MSoP,MS,0.0562829920571502
MSePM,WGW,0.10441129057592144,N,MSeP,MS,0.05220564528796072
MSePW,WGW,0.10441129057592144,N,MSeP,MS,0.05220564528796072
MShPM,WGW,0.10441129057592144,N,MShP,MS,0.05220564528796072
MShPW,WGW,0.10441129057592144,N,MShP,MS,0.05220564528796072
MSoPM,WGW,0.10441129057592144,N,MSoP,MS,0.05220564528796072
MSoPW,WGW,0.10441129057592144,N,MSoP,MS,0.05220564528796072
MSePM,WMW,1.5093612617178969,N,MSeP,MS,0.7546806308589484
MSePW,WMW,1.5093612617178969,N,MSeP,MS,0.7546806308589484
MShPM,WMW,1.5093612617178969,N,MShP,MS,0.7546806308589484
MShPW,WMW,1.5093612617178969,N,MShP,MS,0.7546806308589484
MSoPM,WMW,1.5093612617178969,N,MSoP,MS,0.7546806308589484
MSoPW,WMW,1.5093612617178969,N,MSoP,MS,0.7546806308589484
MSePM,WOW,0.07920228636700466,N,MSeP,MS,0.03960114318350233
MSePW,WOW,0.07920228636700466,N,MSeP,MS,0.03960114318350233
MShPM,WOW,0.07920228636700466,N,MShP,MS,0.03960114318350233
MShPW,WOW,0.07920228636700466,N,MShP,MS,0.03960114318350233
MSoPM,WOW,0.07920228636700466,N,MSoP,MS,0.03960114318350233
MSoPW,WOW,0.07920228636700466,N,MSoP,MS,0.03960114318350233
MSePM,WSW,0.16778604242543305,N,MSeP,MS,0.08389302121271652
MSePW,WSW,0.16778604242543305,N,MSeP,MS,0.08389302121271652
MShPM,WSW,0.16778604242543305,N,MShP,MS,0.08389302121271652
MShPW,WSW,0.16778604242543305,N,MShP,MS,0.08389302121271652
MSoPM,WSW,0.16778604242543305,N,MSoP,MS,0.08389302121271652
MSoPW,WSW,0.16778604242543305,N,MSoP,MS,0.08389302121271652
MSePM,WBBW,0.13557938804156414,N,MSeP,MS,0.04519312934718805
MSePW,WBBW,0.13557938804156414,N,MSeP,MS,0.04519312934718805
MShPM,WBBW,0.13557938804156414,N,MShP,MS,0.04519312934718805
MShPW,WBBW,0.13557938804156414,N,MShP,MS,0.04519312934718805
MSoPM,WBBW,0.13557938804156414,N,MSoP,MS,0.04519312934718805
MSoPW,WBBW,0.13557938804156414,N,MSoP,MS,0.04519312934718805
MSePM,WGBW,0.08730051517146109,N,MSeP,MS,0.02910017172382037
MSePW,WGBW,0.08730051517146109,N,MSeP,MS,0.02910017172382037
MShPM,WGBW,0.08730051517146109,N,MShP,MS,0.02910017172382037
MShPW,WGBW,0.08730051517146109,N,MShP,MS,0.02910017172382037
MSoPM,WGBW,0.08730051517146109,N,MSoP,MS,0.02910017172382037
MSoPW,WGBW,0.08730051517146109,N,MSoP,MS,0.02910017172382037
MSePM,WMBW,0.07260826750682536,N,MSeP,MS,0.024202755835608453
MSePW,WMBW,0.07260826750682536,N,MSeP,MS,0.024202755835608453
MShPM,WMBW,0.07260826750682536,N,MShP,MS,0.024202755835608453
MShPW,WMBW,0.07260826750682536,N,MShP,MS,0.024202755835608453
MSoPM,WMBW,0.07260826750682536,N,MSoP,MS,0.024202755835608453
MSoPW,WMBW,0.07260826750682536,N,MSoP,MS,0.024202755835608453
MSePM,WMMW,0.11724520060109052,N,MSeP,MS,0.03908173353369685
MSePW,WMMW,0.11724520060109052,N,MSeP,MS,0.03908173353369685
MShPM,WMMW,0.11724520060109052,N,MShP,MS,0.03908173353369685
MShPW,WMMW,0.11724520060109052,N,MShP,MS,0.03908173353369685
MSoPM,WMMW,0.11724520060109052,N,MSoP,MS,0.03908173353369685
MSoPW,WMMW,0.11724520060109052,N,MSoP,MS,0.03908173353369685
MSePM,WMOW,0.14033880356321712,N,MSeP,MS,0.04677960118773904
MSePW,WMOW,0.14033880356321712,N,MSeP,MS,0.04677960118773904
MShPM,WMOW,0.14033880356321712,N,MShP,MS,0.04677960118773904
MShPW,WMOW,0.14033880356321712,N,MShP,MS,0.04677960118773904
MSoPM,WMOW,0.14033880356321712,N,MSoP,MS,0.04677960118773904
MSoPW,WMOW,0.14033880356321712,N,MSoP,MS,0.04677960118773904
MSePM,WMVW,0.09315944097628936,N,MSeP,MS,0.031053146992096457
MSePW,WMVW,0.09315944097628936,N,MSeP,MS,0.031053146992096457
MShPM,WMVW,0.09315944097628936,N,MShP,MS,0.031053146992096457
MShPW,WMVW,0.09315944097628936,N,MShP,MS,0.031053146992096457
MSoPM,WMVW,0.09315944097628936,N,MSoP,MS,0.031053146992096457
MSoPW,WMVW,0.09315944097628936,N,MSoP,MS,0.031053146992096457
MSePM,WSBW,0.2031227916111515,N,MSeP,MS,0.06770759720371716
MSePW,WSBW,0.2031227916111515,N,MSeP,MS,0.06770759720371716
MShPM,WSBW,0.2031227916111515,N,MShP,MS,0.06770759720371716
MShPW,WSBW,0.2031227916111515,N,MShP,MS,0.06770759720371716
MSoPM,WSBW,0.2031227916111515,N,MSoP,MS,0.06770759720371716
MSoPW,WSBW,0.2031227916111515,N,MSoP,MS,0.06770759720371716
MSePM,WOMW,0.07962797318163731,N,MSeP,MS,0.026542657727212437
MSePW,WOMW,0.07962797318163731,N,MSeP,MS,0.026542657727212437
MShPM,WOMW,0.07962797318163731,N,MShP,MS,0.026542657727212437
MShPW,WOMW,0.07962797318163731,N,MShP,MS,0.026542657727212437
MSoPM,WOMW,0.07962797318163731,N,MSoP,MS,0.026542657727212437
MSoPW,WOMW,0.07962797318163731,N,MSoP,MS,0.026542657727212437
MSePM,WVMW,0.034107554892958414,N,MSeP,MS,0.011369184964319469
MSePW,WVMW,0.034107554892958414,N,MSeP,MS,0.011369184964319469
MShPM,WVMW,0.034107554892958414,N,MShP,MS,0.011369184964319469
MShPW,WVMW,0.034107554892958414,N,MShP,MS,0.011369184964319469
MSoPM,WVMW,0.034107554892958414,N,MSoP,MS,0.011369184964319469
MSoPW,WVMW,0.034107554892958414,N,MSoP,MS,0.011369184964319469
RAePW,WBW,0.1965992924955958,N,RAeP,RAf,0.0982996462477979
RAhPW,WBW,0.1965992924955958,N,RAhP,RAf,0.0982996462477979
RAoPW,WBW,0.1965992924955958,N,RAoP,RAf,0.0982996462477979
RAePW,WEW,0.14129192203439772,N,RAeP,RAf,0.07064596101719886
RAhPW,WEW,0.14129192203439772,N,RAhP,RAf,0.07064596101719886
RAoPW,WEW,0.14129192203439772,N,RAoP,RAf,0.07064596101719886
RAePW,WFW,0.08319387212751378,N,RAeP,RAf,0.04159693606375688
RAhPW,WFW,0.08319387212751378,N,RAhP,RAf,0.04159693606375688
RAoPW,WFW,0.08319387212751378,N,RAoP,RAf,0.04159693606375688
RAePW,WOW,0.1517519304847041,N,RAeP,RAf,0.07587596524235203
RAhPW,WOW,0.1517519304847041,N,RAhP,RAf,0.07587596524235203
RAoPW,WOW,0.1517519304847041,N,RAoP,RAf,0.07587596524235203
RAePW,WRW,0.06112712435579564,N,RAeP,RAf,0.03056356217789782
RAhPW,WRW,0.06112712435579564,N,RAhP,RAf,0.03056356217789782
RAoPW,WRW,0.06112712435579564,N,RAoP,RAf,0.03056356217789782
RAePW,WSW,0.07763630210570607,N,RAeP,RAf,0.03881815105285304
RAhPW,WSW,0.07763630210570607,N,RAhP,RAf,0.03881815105285304
RAoPW,WSW,0.07763630210570607,N,RAoP,RAf,0.03881815105285304
RAePW,WTW,0.046069564340584034,N,RAeP,RAf,0.023034782170292013
RAhPW,WTW,0.046069564340584034,N,RAhP,RAf,0.023034782170292013
RAoPW,WTW,0.046069564340584034,N,RAoP,RAf,0.023034782170292013
RAePW,WVW,0.3032690591287618,N,RAeP,RAf,0.1516345295643809
RAhPW,WVW,0.3032690591287618,N,RAhP,RAf,0.1516345295643809
RAoPW,WVW,0.3032690591287618,N,RAoP,RAf,0.1516345295643809
RAePW,WBBW,0.1474822259663284,N,RAeP,RAf,0.04916074198877613
RAhPW,WBBW,0.1474822259663284,N,RAhP,RAf,0.04916074198877613
RAoPW,WBBW,0.1474822259663284,N,RAoP,RAf,0.04916074198877613
RAePW,WEVW,0.06931463874238969,N,RAeP,RAf,0.023104879580796562
RAhPW,WEVW,0.06931463874238969,N,RAhP,RAf,0.023104879580796562
RAoPW,WEVW,0.06931463874238969,N,RAoP,RAf,0.023104879580796562
RAePW,WFFW,0.14407318565828464,N,RAeP,RAf,0.04802439521942821
RAhPW,WFFW,0.14407318565828464,N,RAhP,RAf,0.04802439521942821
RAoPW,WFFW,0.14407318565828464,N,RAoP,RAf,0.04802439521942821
RAePW,WFBW,0.06376315861513995,N,RAeP,RAf,0.02125438620504665
RAhPW,WFBW,0.06376315861513995,N,RAhP,RAf,0.02125438620504665
RAoPW,WFBW,0.06376315861513995,N,RAoP,RAf,0.02125438620504665
RAePW,WOOW,0.10442759264182007,N,RAeP,RAf,0.034809197547273366
RAhPW,WOOW,0.10442759264182007,N,RAhP,RAf,0.034809197547273366
RAoPW,WOOW,0.10442759264182007,N,RAoP,RAf,0.034809197547273366
RAePW,WORW,0.16799960872615322,N,RAeP,RAf,0.055999869575384414
RAhPW,WORW,0.16799960872615322,N,RAhP,RAf,0.055999869575384414
RAoPW,WORW,0.16799960872615322,N,RAoP,RAf,0.055999869575384414
RAePW,WSBW,0.08598266042650013,N,RAeP,RAf,0.028660886808833375
RAhPW,WSBW,0.08598266042650013,N,RAhP,RAf,0.028660886808833375
RAoPW,WSBW,0.08598266042650013,N,RAoP,RAf,0.028660886808833375
RAePW,WVVW,0.21731102059411608,N,RAeP,RAf,0.07243700686470536
RAhPW,WVVW,0.21731102059411608,N,RAhP,RAf,0.07243700686470536
RAoPW,WVVW,0.21731102059411608,N,RAoP,RAf,0.07243700686470536
RAePW,WVOW,0.09306754001623208,N,RAeP,RAf,0.03102251333874403
RAhPW,WVOW,0.09306754001623208,N,RAhP,RAf,0.03102251333874403
RAoPW,WVOW,0.09306754001623208,N,RAoP,RAf,0.03102251333874403
RAePW,WVEW,0.04105898982829453,N,RAeP,RAf,0.013686329942764844
RAhPW,WVEW,0.04105898982829453,N,RAhP,RAf,0.013686329942764844
RAoPW,WVEW,0.04105898982829453,N,RAoP,RAf,0.013686329942764844
RAePW,WVOW,0.12000252386149116,N,RAeP,RAf,0.04000084128716372
RAhPW,WVOW,0.12000252386149116,N,RAhP,RAf,0.04000084128716372
RAoPW,WVOW,0.12000252386149116,N,RAoP,RAf,0.04000084128716372
RAePW,WROW,0.0944997799084612,N,RAeP,RAf,0.03149992663615373
RAhPW,WROW,0.0944997799084612,N,RAhP,RAf,0.03149992663615373
RAoPW,WROW,0.0944997799084612,N,RAoP,RAf,0.03149992663615373
EINPEN,WAW,1.6,,EINPEN,EINPEN,0.8
EINPENFERN,WYW,2.0,,EINPENFERN,EINPENFERN,1.0
EINPENSONSTIGE,WBW,0.6,,EINPENSONSTIGE,EINPENSONSTIGE,0.3
EINPENSONSTIGE,WEW,1.2,,EINPENSONSTIGE,EINPENSONSTIGE,0.6
EINPENSONSTIGE,WTW,0.2,,EINPENSONSTIGE,EINPENSONSTIGE,0.1
EINPENSCHUELER,WMW,2.0,,EINPENSCHUELER,EINPENSCHUELER,1.0
EINPENBERUFSSCHUELER,WZW,1.0,,EINPENBERUFSSCHUELER,EINPENBERUFSSCHUELER,0.5
EWePM,WYW,0.0,,,EWm,0.0
EWePW,WYW,0.0,,,EWf,0.0
EWhPM,WYW,0.0,,,EWm,0.0
EWhPW,WYW,0.0,,,EWf,0.0
EWoPM,WYW,0.0,,,EWm,0.0
EWoPW,WYW,0.0,,,EWf,0.0
